0, 0
0, 0
0.001, 0
0.002, 4.70123e-06
0.003, 1.68582e-05
0.004, 3.8489e-05
0.005, 7.11793e-05
0.006, 0.000116221
0.007, 0.000174687
0.008, 0.000247486
0.009, 0.000335389
0.01, 0.00043906
0.011, 0.00055907
0.012, 0.000695911
0.013, 0.000850011
0.014, 0.00102174
0.015, 0.00121141
0.016, 0.00141931
0.017, 0.00164567
0.018, 0.00189069
0.019, 0.00215454
0.02, 0.00243737
0.021, 0.0027393
0.022, 0.00306042
0.023, 0.00340083
0.024, 0.00376058
0.025, 0.00413971
0.026, 0.00453827
0.027, 0.00495626
0.028, 0.0053937
0.029, 0.00585059
0.03, 0.00632691
0.031, 0.00682265
0.032, 0.00733777
0.033, 0.00787224
0.034, 0.00842601
0.035, 0.00899906
0.036, 0.00959131
0.037, 0.0102027
0.038, 0.0108332
0.039, 0.0114827
0.04, 0.0121512
0.041, 0.0128386
0.042, 0.0135448
0.043, 0.0142697
0.044, 0.0150133
0.045, 0.0157755
0.046, 0.0165561
0.047, 0.0173552
0.048, 0.0181726
0.049, 0.0190083
0.05, 0.0198621
0.051, 0.020734
0.052, 0.0216238
0.053, 0.0225316
0.054, 0.0234571
0.055, 0.0244004
0.056, 0.0253612
0.057, 0.0263396
0.058, 0.0273355
0.059, 0.0283486
0.06, 0.0293791
0.061, 0.0304266
0.062, 0.0314913
0.063, 0.0325729
0.064, 0.0336714
0.065, 0.0347867
0.066, 0.0359187
0.067, 0.0370674
0.068, 0.0382325
0.069, 0.0394141
0.07, 0.040612
0.071, 0.0418262
0.072, 0.0430565
0.073, 0.044303
0.074, 0.0455654
0.075, 0.0468437
0.076, 0.0481378
0.077, 0.0494477
0.078, 0.0507732
0.079, 0.0521143
0.08, 0.0534709
0.081, 0.0548428
0.082, 0.0562301
0.083, 0.0576325
0.084, 0.0590502
0.085, 0.0604829
0.086, 0.0619305
0.087, 0.0633931
0.088, 0.0648705
0.089, 0.0663626
0.09, 0.0678694
0.091, 0.0693907
0.092, 0.0709266
0.093, 0.0724769
0.094, 0.0740415
0.095, 0.0756204
0.096, 0.0772135
0.097, 0.0788207
0.098, 0.0804419
0.099, 0.0820771
0.1, 0.0837261
0.101, 0.085389
0.102, 0.0870657
0.103, 0.0887559
0.104, 0.0904598
0.105, 0.0921772
0.106, 0.093908
0.107, 0.0956522
0.108, 0.0974097
0.109, 0.0991805
0.11, 0.100964
0.111, 0.102761
0.112, 0.104571
0.113, 0.106394
0.114, 0.10823
0.115, 0.110079
0.116, 0.11194
0.117, 0.113814
0.118, 0.115701
0.119, 0.1176
0.12, 0.119512
0.121, 0.121436
0.122, 0.123372
0.123, 0.125321
0.124, 0.127282
0.125, 0.129255
0.126, 0.13124
0.127, 0.133237
0.128, 0.135246
0.129, 0.137267
0.13, 0.1393
0.131, 0.141345
0.132, 0.143401
0.133, 0.145469
0.134, 0.147549
0.135, 0.14964
0.136, 0.151742
0.137, 0.153856
0.138, 0.155981
0.139, 0.158118
0.14, 0.160266
0.141, 0.162425
0.142, 0.164595
0.143, 0.166776
0.144, 0.168968
0.145, 0.171171
0.146, 0.173385
0.147, 0.17561
0.148, 0.177845
0.149, 0.180092
0.15, 0.182349
0.151, 0.184616
0.152, 0.186894
0.153, 0.189183
0.154, 0.191482
0.155, 0.193791
0.156, 0.196111
0.157, 0.198441
0.158, 0.200781
0.159, 0.203131
0.16, 0.205492
0.161, 0.207862
0.162, 0.210243
0.163, 0.212634
0.164, 0.215034
0.165, 0.217444
0.166, 0.219865
0.167, 0.222294
0.168, 0.224734
0.169, 0.227183
0.17, 0.229642
0.171, 0.232111
0.172, 0.234588
0.173, 0.237074
0.174, 0.239567
0.175, 0.242067
0.176, 0.244572
0.177, 0.247082
0.178, 0.249595
0.179, 0.252111
0.18, 0.254628
0.181, 0.257146
0.182, 0.259664
0.183, 0.26218
0.184, 0.264694
0.185, 0.267204
0.186, 0.269711
0.187, 0.272213
0.188, 0.274708
0.189, 0.277197
0.19, 0.279678
0.191, 0.282151
0.192, 0.284615
0.193, 0.28707
0.194, 0.289514
0.195, 0.291948
0.196, 0.294371
0.197, 0.296782
0.198, 0.299181
0.199, 0.301568
0.2, 0.303942
0.201, 0.306304
0.202, 0.308652
0.203, 0.310987
0.204, 0.313308
0.205, 0.315615
0.206, 0.317908
0.207, 0.320187
0.208, 0.322452
0.209, 0.324702
0.21, 0.326938
0.211, 0.329159
0.212, 0.331366
0.213, 0.333558
0.214, 0.335735
0.215, 0.337897
0.216, 0.340045
0.217, 0.342178
0.218, 0.344297
0.219, 0.346401
0.22, 0.34849
0.221, 0.350565
0.222, 0.352625
0.223, 0.354671
0.224, 0.356703
0.225, 0.358721
0.226, 0.360725
0.227, 0.362715
0.228, 0.364691
0.229, 0.366654
0.23, 0.368604
0.231, 0.37054
0.232, 0.372463
0.233, 0.374373
0.234, 0.376271
0.235, 0.378156
0.236, 0.380028
0.237, 0.381889
0.238, 0.383737
0.239, 0.385574
0.24, 0.387399
0.241, 0.389212
0.242, 0.391015
0.243, 0.392806
0.244, 0.394587
0.245, 0.396356
0.246, 0.398116
0.247, 0.399865
0.248, 0.401603
0.249, 0.403332
0.25, 0.405051
0.251, 0.40676
0.252, 0.40846
0.253, 0.410151
0.254, 0.411832
0.255, 0.413505
0.256, 0.415168
0.257, 0.416823
0.258, 0.418469
0.259, 0.420106
0.26, 0.421735
0.261, 0.423356
0.262, 0.424969
0.263, 0.426574
0.264, 0.42817
0.265, 0.429759
0.266, 0.43134
0.267, 0.432914
0.268, 0.434479
0.269, 0.436037
0.27, 0.437588
0.271, 0.439131
0.272, 0.440667
0.273, 0.442196
0.274, 0.443717
0.275, 0.445231
0.276, 0.446738
0.277, 0.448238
0.278, 0.44973
0.279, 0.451216
0.28, 0.452694
0.281, 0.454166
0.282, 0.45563
0.283, 0.457088
0.284, 0.458538
0.285, 0.459982
0.286, 0.461418
0.287, 0.462848
0.288, 0.46427
0.289, 0.465686
0.29, 0.467094
0.291, 0.468496
0.292, 0.46989
0.293, 0.471277
0.294, 0.472657
0.295, 0.47403
0.296, 0.475395
0.297, 0.476754
0.298, 0.478105
0.299, 0.479448
0.3, 0.480785
0.301, 0.482114
0.302, 0.483436
0.303, 0.484751
0.304, 0.486058
0.305, 0.487358
0.306, 0.488651
0.307, 0.489936
0.308, 0.491214
0.309, 0.492485
0.31, 0.493749
0.311, 0.495005
0.312, 0.496254
0.313, 0.497496
0.314, 0.49873
0.315, 0.499958
0.316, 0.501178
0.317, 0.502392
0.318, 0.503598
0.319, 0.504797
0.32, 0.505989
0.321, 0.507175
0.322, 0.508353
0.323, 0.509524
0.324, 0.510689
0.325, 0.511847
0.326, 0.512998
0.327, 0.514142
0.328, 0.515279
0.329, 0.51641
0.33, 0.517534
0.331, 0.518652
0.332, 0.519763
0.333, 0.520867
0.334, 0.521965
0.335, 0.523057
0.336, 0.524142
0.337, 0.525221
0.338, 0.526294
0.339, 0.52736
0.34, 0.528421
0.341, 0.529475
0.342, 0.530523
0.343, 0.531565
0.344, 0.5326
0.345, 0.53363
0.346, 0.534654
0.347, 0.535673
0.348, 0.536685
0.349, 0.537691
0.35, 0.538692
0.351, 0.539687
0.352, 0.540677
0.353, 0.54166
0.354, 0.542639
0.355, 0.543611
0.356, 0.544579
0.357, 0.54554
0.358, 0.546497
0.359, 0.547448
0.36, 0.548393
0.361, 0.549334
0.362, 0.550269
0.363, 0.551199
0.364, 0.552123
0.365, 0.553043
0.366, 0.553957
0.367, 0.554867
0.368, 0.555771
0.369, 0.55667
0.37, 0.557565
0.371, 0.558454
0.372, 0.559339
0.373, 0.560218
0.374, 0.561093
0.375, 0.561963
0.376, 0.562828
0.377, 0.563688
0.378, 0.564544
0.379, 0.565394
0.38, 0.56624
0.381, 0.567082
0.382, 0.567919
0.383, 0.568751
0.384, 0.569578
0.385, 0.570401
0.386, 0.57122
0.387, 0.572033
0.388, 0.572843
0.389, 0.573647
0.39, 0.574448
0.391, 0.575244
0.392, 0.576035
0.393, 0.576822
0.394, 0.577605
0.395, 0.578383
0.396, 0.579157
0.397, 0.579926
0.398, 0.580692
0.399, 0.581452
0.4, 0.582209
0.401, 0.582961
0.402, 0.58371
0.403, 0.584453
0.404, 0.585193
0.405, 0.585929
0.406, 0.58666
0.407, 0.587387
0.408, 0.58811
0.409, 0.588829
0.41, 0.589544
0.411, 0.590254
0.412, 0.590961
0.413, 0.591663
0.414, 0.592362
0.415, 0.593056
0.416, 0.593747
0.417, 0.594433
0.418, 0.595115
0.419, 0.595794
0.42, 0.596468
0.421, 0.597139
0.422, 0.597806
0.423, 0.598469
0.424, 0.599127
0.425, 0.599783
0.426, 0.600434
0.427, 0.601081
0.428, 0.601725
0.429, 0.602365
0.43, 0.603001
0.431, 0.603633
0.432, 0.604262
0.433, 0.604887
0.434, 0.605508
0.435, 0.606125
0.436, 0.606739
0.437, 0.607349
0.438, 0.607956
0.439, 0.608559
0.44, 0.609158
0.441, 0.609754
0.442, 0.610346
0.443, 0.610935
0.444, 0.611521
0.445, 0.612102
0.446, 0.612681
0.447, 0.613256
0.448, 0.613827
0.449, 0.614395
0.45, 0.61496
0.451, 0.615521
0.452, 0.616079
0.453, 0.616634
0.454, 0.617185
0.455, 0.617733
0.456, 0.618278
0.457, 0.61882
0.458, 0.619358
0.459, 0.619893
0.46, 0.620425
0.461, 0.620954
0.462, 0.621479
0.463, 0.622002
0.464, 0.622521
0.465, 0.623037
0.466, 0.623551
0.467, 0.624061
0.468, 0.624568
0.469, 0.625072
0.47, 0.625573
0.471, 0.626071
0.472, 0.626566
0.473, 0.627058
0.474, 0.627548
0.475, 0.628034
0.476, 0.628517
0.477, 0.628998
0.478, 0.629475
0.479, 0.62995
0.48, 0.630422
0.481, 0.630891
0.482, 0.631358
0.483, 0.631822
0.484, 0.632282
0.485, 0.632741
0.486, 0.633196
0.487, 0.633649
0.488, 0.634099
0.489, 0.634546
0.49, 0.634991
0.491, 0.635433
0.492, 0.635872
0.493, 0.636309
0.494, 0.636743
0.495, 0.637175
0.496, 0.637604
0.497, 0.63803
0.498, 0.638454
0.499, 0.638875
0.5, 0.639294
0.501, 0.639711
0.502, 0.640124
0.503, 0.640536
0.504, 0.640945
0.505, 0.641351
0.506, 0.641756
0.507, 0.642157
0.508, 0.642556
0.509, 0.642953
0.51, 0.643348
0.511, 0.64374
0.512, 0.64413
0.513, 0.644517
0.514, 0.644903
0.515, 0.645285
0.516, 0.645666
0.517, 0.646044
0.518, 0.64642
0.519, 0.646794
0.52, 0.647166
0.521, 0.647535
0.522, 0.647902
0.523, 0.648267
0.524, 0.648629
0.525, 0.64899
0.526, 0.649348
0.527, 0.649704
0.528, 0.650058
0.529, 0.65041
0.53, 0.65076
0.531, 0.651108
0.532, 0.651453
0.533, 0.651797
0.534, 0.652138
0.535, 0.652477
0.536, 0.652814
0.537, 0.65315
0.538, 0.653483
0.539, 0.653814
0.54, 0.654143
0.541, 0.65447
0.542, 0.654795
0.543, 0.655118
0.544, 0.65544
0.545, 0.655759
0.546, 0.656076
0.547, 0.656392
0.548, 0.656705
0.549, 0.657016
0.55, 0.657326
0.551, 0.657634
0.552, 0.65794
0.553, 0.658244
0.554, 0.658546
0.555, 0.658846
0.556, 0.659144
0.557, 0.659441
0.558, 0.659736
0.559, 0.660029
0.56, 0.66032
0.561, 0.660609
0.562, 0.660897
0.563, 0.661183
0.564, 0.661467
0.565, 0.661749
0.566, 0.66203
0.567, 0.662309
0.568, 0.662586
0.569, 0.662862
0.57, 0.663135
0.571, 0.663407
0.572, 0.663678
0.573, 0.663947
0.574, 0.664214
0.575, 0.664479
0.576, 0.664743
0.577, 0.665005
0.578, 0.665266
0.579, 0.665525
0.58, 0.665782
0.581, 0.666038
0.582, 0.666292
0.583, 0.666545
0.584, 0.666796
0.585, 0.667045
0.586, 0.667293
0.587, 0.66754
0.588, 0.667785
0.589, 0.668028
0.59, 0.66827
0.591, 0.66851
0.592, 0.668749
0.593, 0.668987
0.594, 0.669223
0.595, 0.669457
0.596, 0.66969
0.597, 0.669922
0.598, 0.670152
0.599, 0.670381
0.6, 0.670608
0.601, 0.670834
0.602, 0.671058
0.603, 0.671282
0.604, 0.671503
0.605, 0.671724
0.606, 0.671943
0.607, 0.67216
0.608, 0.672377
0.609, 0.672592
0.61, 0.672805
0.611, 0.673017
0.612, 0.673228
0.613, 0.673438
0.614, 0.673646
0.615, 0.673853
0.616, 0.674059
0.617, 0.674264
0.618, 0.674467
0.619, 0.674669
0.62, 0.67487
0.621, 0.675069
0.622, 0.675267
0.623, 0.675464
0.624, 0.67566
0.625, 0.675855
0.626, 0.676048
0.627, 0.67624
0.628, 0.676431
0.629, 0.676621
0.63, 0.676809
0.631, 0.676997
0.632, 0.677183
0.633, 0.677368
0.634, 0.677552
0.635, 0.677734
0.636, 0.677916
0.637, 0.678096
0.638, 0.678276
0.639, 0.678454
0.64, 0.678631
0.641, 0.678807
0.642, 0.678982
0.643, 0.679155
0.644, 0.679328
0.645, 0.679499
0.646, 0.67967
0.647, 0.679839
0.648, 0.680007
0.649, 0.680174
0.65, 0.68034
0.651, 0.680505
0.652, 0.680669
0.653, 0.680832
0.654, 0.680994
0.655, 0.681155
0.656, 0.681315
0.657, 0.681473
0.658, 0.681631
0.659, 0.681788
0.66, 0.681943
0.661, 0.682098
0.662, 0.682252
0.663, 0.682404
0.664, 0.682556
0.665, 0.682707
0.666, 0.682856
0.667, 0.683005
0.668, 0.683153
0.669, 0.683299
0.67, 0.683445
0.671, 0.68359
0.672, 0.683734
0.673, 0.683877
0.674, 0.684019
0.675, 0.68416
0.676, 0.6843
0.677, 0.684439
0.678, 0.684577
0.679, 0.684715
0.68, 0.684851
0.681, 0.684986
0.682, 0.685121
0.683, 0.685255
0.684, 0.685388
0.685, 0.685519
0.686, 0.68565
0.687, 0.685781
0.688, 0.68591
0.689, 0.686038
0.69, 0.686166
0.691, 0.686292
0.692, 0.686418
0.693, 0.686543
0.694, 0.686667
0.695, 0.686791
0.696, 0.686913
0.697, 0.687035
0.698, 0.687156
0.699, 0.687276
0.7, 0.687395
0.701, 0.687513
0.702, 0.687631
0.703, 0.687747
0.704, 0.687863
0.705, 0.687979
0.706, 0.688093
0.707, 0.688207
0.708, 0.688319
0.709, 0.688432
0.71, 0.688543
0.711, 0.688653
0.712, 0.688763
0.713, 0.688872
0.714, 0.688981
0.715, 0.689088
0.716, 0.689195
0.717, 0.689301
0.718, 0.689406
0.719, 0.689511
0.72, 0.689615
0.721, 0.689718
0.722, 0.689821
0.723, 0.689922
0.724, 0.690024
0.725, 0.690124
0.726, 0.690224
0.727, 0.690323
0.728, 0.690421
0.729, 0.690519
0.73, 0.690616
0.731, 0.690712
0.732, 0.690808
0.733, 0.690903
0.734, 0.690997
0.735, 0.691091
0.736, 0.691184
0.737, 0.691277
0.738, 0.691368
0.739, 0.69146
0.74, 0.69155
0.741, 0.69164
0.742, 0.691729
0.743, 0.691818
0.744, 0.691906
0.745, 0.691994
0.746, 0.692081
0.747, 0.692167
0.748, 0.692253
0.749, 0.692338
0.75, 0.692422
0.751, 0.692506
0.752, 0.69259
0.753, 0.692673
0.754, 0.692755
0.755, 0.692837
0.756, 0.692918
0.757, 0.692998
0.758, 0.693078
0.759, 0.693158
0.76, 0.693237
0.761, 0.693315
0.762, 0.693393
0.763, 0.69347
0.764, 0.693547
0.765, 0.693624
0.766, 0.693699
0.767, 0.693775
0.768, 0.693849
0.769, 0.693924
0.77, 0.693997
0.771, 0.694071
0.772, 0.694143
0.773, 0.694216
0.774, 0.694287
0.775, 0.694359
0.776, 0.69443
0.777, 0.6945
0.778, 0.69457
0.779, 0.694639
0.78, 0.694708
0.781, 0.694776
0.782, 0.694844
0.783, 0.694912
0.784, 0.694979
0.785, 0.695046
0.786, 0.695112
0.787, 0.695177
0.788, 0.695243
0.789, 0.695307
0.79, 0.695372
0.791, 0.695436
0.792, 0.695499
0.793, 0.695562
0.794, 0.695625
0.795, 0.695687
0.796, 0.695749
0.797, 0.695811
0.798, 0.695872
0.799, 0.695932
0.8, 0.695992
0.801, 0.696052
0.802, 0.696112
0.803, 0.69617
0.804, 0.696229
0.805, 0.696287
0.806, 0.696345
0.807, 0.696402
0.808, 0.696459
0.809, 0.696516
0.81, 0.696572
0.811, 0.696628
0.812, 0.696684
0.813, 0.696739
0.814, 0.696794
0.815, 0.696848
0.816, 0.696902
0.817, 0.696956
0.818, 0.697009
0.819, 0.697062
0.82, 0.697115
0.821, 0.697167
0.822, 0.697219
0.823, 0.69727
0.824, 0.697321
0.825, 0.697372
0.826, 0.697423
0.827, 0.697473
0.828, 0.697523
0.829, 0.697572
0.83, 0.697621
0.831, 0.69767
0.832, 0.697719
0.833, 0.697767
0.834, 0.697815
0.835, 0.697862
0.836, 0.69791
0.837, 0.697956
0.838, 0.698003
0.839, 0.698049
0.84, 0.698095
0.841, 0.698141
0.842, 0.698186
0.843, 0.698231
0.844, 0.698276
0.845, 0.69832
0.846, 0.698365
0.847, 0.698408
0.848, 0.698452
0.849, 0.698495
0.85, 0.698538
0.851, 0.698581
0.852, 0.698623
0.853, 0.698665
0.854, 0.698707
0.855, 0.698749
0.856, 0.69879
0.857, 0.698831
0.858, 0.698871
0.859, 0.698912
0.86, 0.698952
0.861, 0.698992
0.862, 0.699031
0.863, 0.699071
0.864, 0.69911
0.865, 0.699149
0.866, 0.699187
0.867, 0.699225
0.868, 0.699263
0.869, 0.699301
0.87, 0.699339
0.871, 0.699376
0.872, 0.699413
0.873, 0.69945
0.874, 0.699486
0.875, 0.699522
0.876, 0.699558
0.877, 0.699594
0.878, 0.699629
0.879, 0.699665
0.88, 0.6997
0.881, 0.699734
0.882, 0.699769
0.883, 0.699803
0.884, 0.699837
0.885, 0.699871
0.886, 0.699905
0.887, 0.699938
0.888, 0.699971
0.889, 0.700004
0.89, 0.700037
0.891, 0.700069
0.892, 0.700102
0.893, 0.700134
0.894, 0.700165
0.895, 0.700197
0.896, 0.700228
0.897, 0.700259
0.898, 0.70029
0.899, 0.700321
0.9, 0.700351
0.901, 0.700382
0.902, 0.700412
0.903, 0.700442
0.904, 0.700471
0.905, 0.700501
0.906, 0.70053
0.907, 0.700559
0.908, 0.700588
0.909, 0.700617
0.91, 0.700645
0.911, 0.700673
0.912, 0.700701
0.913, 0.700729
0.914, 0.700757
0.915, 0.700784
0.916, 0.700812
0.917, 0.700839
0.918, 0.700866
0.919, 0.700892
0.92, 0.700919
0.921, 0.700945
0.922, 0.700971
0.923, 0.700997
0.924, 0.701023
0.925, 0.701049
0.926, 0.701074
0.927, 0.701099
0.928, 0.701125
0.929, 0.701149
0.93, 0.701174
0.931, 0.701199
0.932, 0.701223
0.933, 0.701247
0.934, 0.701271
0.935, 0.701295
0.936, 0.701319
0.937, 0.701343
0.938, 0.701366
0.939, 0.701389
0.94, 0.701412
0.941, 0.701435
0.942, 0.701458
0.943, 0.70148
0.944, 0.701503
0.945, 0.701525
0.946, 0.701547
0.947, 0.701569
0.948, 0.701591
0.949, 0.701613
0.95, 0.701634
0.951, 0.701655
0.952, 0.701677
0.953, 0.701698
0.954, 0.701719
0.955, 0.701739
0.956, 0.70176
0.957, 0.70178
0.958, 0.701801
0.959, 0.701821
0.96, 0.701841
0.961, 0.701861
0.962, 0.70188
0.963, 0.7019
0.964, 0.70192
0.965, 0.701939
0.966, 0.701958
0.967, 0.701977
0.968, 0.701996
0.969, 0.702015
0.97, 0.702033
0.971, 0.702052
0.972, 0.70207
0.973, 0.702089
0.974, 0.702107
0.975, 0.702125
0.976, 0.702143
0.977, 0.70216
0.978, 0.702178
0.979, 0.702196
0.98, 0.702213
0.981, 0.70223
0.982, 0.702247
0.983, 0.702264
0.984, 0.702281
0.985, 0.702298
0.986, 0.702315
0.987, 0.702331
0.988, 0.702348
0.989, 0.702364
0.99, 0.70238
0.991, 0.702396
0.992, 0.702412
0.993, 0.702428
0.994, 0.702444
0.995, 0.702459
0.996, 0.702475
0.997, 0.70249
0.998, 0.702506
0.999, 0.702521
1, 0.702536
1.001, 0.702551
1.002, 0.702566
1.003, 0.702581
1.004, 0.702595
1.005, 0.70261
1.006, 0.702624
1.007, 0.702639
1.008, 0.702653
1.009, 0.702667
1.01, 0.702681
1.011, 0.702695
1.012, 0.702709
1.013, 0.702723
1.014, 0.702736
1.015, 0.70275
1.016, 0.702763
1.017, 0.702777
1.018, 0.70279
1.019, 0.702803
1.02, 0.702816
1.021, 0.702829
1.022, 0.702842
1.023, 0.702855
1.024, 0.702868
1.025, 0.70288
1.026, 0.702893
1.027, 0.702905
1.028, 0.702917
1.029, 0.70293
1.03, 0.702942
1.031, 0.702954
1.032, 0.702966
1.033, 0.702978
1.034, 0.70299
1.035, 0.703001
1.036, 0.703013
1.037, 0.703025
1.038, 0.703036
1.039, 0.703048
1.04, 0.703059
1.041, 0.70307
1.042, 0.703081
1.043, 0.703092
1.044, 0.703104
1.045, 0.703114
1.046, 0.703125
1.047, 0.703136
1.048, 0.703147
1.049, 0.703157
1.05, 0.703168
1.051, 0.703178
1.052, 0.703189
1.053, 0.703199
1.054, 0.703209
1.055, 0.70322
1.056, 0.70323
1.057, 0.70324
1.058, 0.70325
1.059, 0.70326
1.06, 0.703269
1.061, 0.703279
1.062, 0.703289
1.063, 0.703298
1.064, 0.703308
1.065, 0.703317
1.066, 0.703327
1.067, 0.703336
1.068, 0.703345
1.069, 0.703354
1.07, 0.703364
1.071, 0.703373
1.072, 0.703382
1.073, 0.703391
1.074, 0.703399
1.075, 0.703408
1.076, 0.703417
1.077, 0.703426
1.078, 0.703434
1.079, 0.703443
1.08, 0.703451
1.081, 0.70346
1.082, 0.703468
1.083, 0.703476
1.084, 0.703485
1.085, 0.703493
1.086, 0.703501
1.087, 0.703509
1.088, 0.703517
1.089, 0.703525
1.09, 0.703533
1.091, 0.703541
1.092, 0.703548
1.093, 0.703556
1.094, 0.703564
1.095, 0.703571
1.096, 0.703579
1.097, 0.703586
1.098, 0.703594
1.099, 0.703601
1.1, 0.703608
1.101, 0.703616
1.102, 0.703623
1.103, 0.70363
1.104, 0.703637
1.105, 0.703644
1.106, 0.703651
1.107, 0.703658
1.108, 0.703665
1.109, 0.703672
1.11, 0.703679
1.111, 0.703685
1.112, 0.703692
1.113, 0.703699
1.114, 0.703705
1.115, 0.703712
1.116, 0.703718
1.117, 0.703725
1.118, 0.703731
1.119, 0.703737
1.12, 0.703744
1.121, 0.70375
1.122, 0.703756
1.123, 0.703762
1.124, 0.703768
1.125, 0.703775
1.126, 0.703781
1.127, 0.703787
1.128, 0.703792
1.129, 0.703798
1.13, 0.703804
1.131, 0.70381
1.132, 0.703816
1.133, 0.703821
1.134, 0.703827
1.135, 0.703833
1.136, 0.703838
1.137, 0.703844
1.138, 0.703849
1.139, 0.703855
1.14, 0.70386
1.141, 0.703866
1.142, 0.703871
1.143, 0.703876
1.144, 0.703881
1.145, 0.703887
1.146, 0.703892
1.147, 0.703897
1.148, 0.703902
1.149, 0.703907
1.15, 0.703912
1.151, 0.703917
1.152, 0.703922
1.153, 0.703927
1.154, 0.703932
1.155, 0.703936
1.156, 0.703941
1.157, 0.703946
1.158, 0.703951
1.159, 0.703955
1.16, 0.70396
1.161, 0.703965
1.162, 0.703969
1.163, 0.703974
1.164, 0.703978
1.165, 0.703983
1.166, 0.703987
1.167, 0.703991
1.168, 0.703996
1.169, 0.704
1.17, 0.704004
1.171, 0.704009
1.172, 0.704013
1.173, 0.704017
1.174, 0.704021
1.175, 0.704025
1.176, 0.704029
1.177, 0.704033
1.178, 0.704037
1.179, 0.704041
1.18, 0.704045
1.181, 0.704049
1.182, 0.704053
1.183, 0.704057
1.184, 0.704061
1.185, 0.704065
1.186, 0.704068
1.187, 0.704072
1.188, 0.704076
1.189, 0.704079
1.19, 0.704083
1.191, 0.704087
1.192, 0.70409
1.193, 0.704094
1.194, 0.704097
1.195, 0.704101
1.196, 0.704104
1.197, 0.704108
1.198, 0.704111
1.199, 0.704115
1.2, 0.704118
1.201, 0.704121
1.202, 0.704125
1.203, 0.704128
1.204, 0.704131
1.205, 0.704134
1.206, 0.704138
1.207, 0.704141
1.208, 0.704144
1.209, 0.704147
1.21, 0.70415
1.211, 0.704153
1.212, 0.704156
1.213, 0.704159
1.214, 0.704162
1.215, 0.704165
1.216, 0.704168
1.217, 0.704171
1.218, 0.704174
1.219, 0.704177
1.22, 0.70418
1.221, 0.704182
1.222, 0.704185
1.223, 0.704188
1.224, 0.704191
1.225, 0.704194
1.226, 0.704196
1.227, 0.704199
1.228, 0.704202
1.229, 0.704204
1.23, 0.704207
1.231, 0.704209
1.232, 0.704212
1.233, 0.704214
1.234, 0.704217
1.235, 0.70422
1.236, 0.704222
1.237, 0.704224
1.238, 0.704227
1.239, 0.704229
1.24, 0.704232
1.241, 0.704234
1.242, 0.704236
1.243, 0.704239
1.244, 0.704241
1.245, 0.704243
1.246, 0.704246
1.247, 0.704248
1.248, 0.70425
1.249, 0.704252
1.25, 0.704255
1.251, 0.704257
1.252, 0.704259
1.253, 0.704261
1.254, 0.704263
1.255, 0.704265
1.256, 0.704267
1.257, 0.704269
1.258, 0.704271
1.259, 0.704273
1.26, 0.704275
1.261, 0.704277
1.262, 0.704279
1.263, 0.704281
1.264, 0.704283
1.265, 0.704285
1.266, 0.704287
1.267, 0.704289
1.268, 0.704291
1.269, 0.704293
1.27, 0.704294
1.271, 0.704296
1.272, 0.704298
1.273, 0.7043
1.274, 0.704302
1.275, 0.704303
1.276, 0.704305
1.277, 0.704307
1.278, 0.704308
1.279, 0.70431
1.28, 0.704312
1.281, 0.704313
1.282, 0.704315
1.283, 0.704317
1.284, 0.704318
1.285, 0.70432
1.286, 0.704321
1.287, 0.704323
1.288, 0.704325
1.289, 0.704326
1.29, 0.704328
1.291, 0.704329
1.292, 0.704331
1.293, 0.704332
1.294, 0.704333
1.295, 0.704335
1.296, 0.704336
1.297, 0.704338
1.298, 0.704339
1.299, 0.70434
1.3, 0.704342
1.301, 0.704343
1.302, 0.704345
1.303, 0.704346
1.304, 0.704347
1.305, 0.704348
1.306, 0.70435
1.307, 0.704351
1.308, 0.704352
1.309, 0.704354
1.31, 0.704355
1.311, 0.704356
1.312, 0.704357
1.313, 0.704358
1.314, 0.70436
1.315, 0.704361
1.316, 0.704362
1.317, 0.704363
1.318, 0.704364
1.319, 0.704365
1.32, 0.704366
1.321, 0.704367
1.322, 0.704369
1.323, 0.70437
1.324, 0.704371
1.325, 0.704372
1.326, 0.704373
1.327, 0.704374
1.328, 0.704375
1.329, 0.704376
1.33, 0.704377
1.331, 0.704378
1.332, 0.704379
1.333, 0.70438
1.334, 0.704381
1.335, 0.704381
1.336, 0.704382
1.337, 0.704383
1.338, 0.704384
1.339, 0.704385
1.34, 0.704386
1.341, 0.704387
1.342, 0.704388
1.343, 0.704389
1.344, 0.704389
1.345, 0.70439
1.346, 0.704391
1.347, 0.704392
1.348, 0.704393
1.349, 0.704393
1.35, 0.704394
1.351, 0.704395
1.352, 0.704396
1.353, 0.704396
1.354, 0.704397
1.355, 0.704398
1.356, 0.704399
1.357, 0.704399
1.358, 0.7044
1.359, 0.704401
1.36, 0.704401
1.361, 0.704402
1.362, 0.704403
1.363, 0.704403
1.364, 0.704404
1.365, 0.704405
1.366, 0.704405
1.367, 0.704406
1.368, 0.704407
1.369, 0.704407
1.37, 0.704408
1.371, 0.704408
1.372, 0.704409
1.373, 0.704409
1.374, 0.70441
1.375, 0.704411
1.376, 0.704411
1.377, 0.704412
1.378, 0.704412
1.379, 0.704413
1.38, 0.704413
1.381, 0.704414
1.382, 0.704414
1.383, 0.704415
1.384, 0.704415
1.385, 0.704416
1.386, 0.704416
1.387, 0.704416
1.388, 0.704417
1.389, 0.704417
1.39, 0.704418
1.391, 0.704418
1.392, 0.704419
1.393, 0.704419
1.394, 0.704419
1.395, 0.70442
1.396, 0.70442
1.397, 0.704421
1.398, 0.704421
1.399, 0.704421
1.4, 0.704422
1.401, 0.704422
1.402, 0.704422
1.403, 0.704423
1.404, 0.704423
1.405, 0.704423
1.406, 0.704424
1.407, 0.704424
1.408, 0.704424
1.409, 0.704425
1.41, 0.704425
1.411, 0.704425
1.412, 0.704425
1.413, 0.704426
1.414, 0.704426
1.415, 0.704426
1.416, 0.704426
1.417, 0.704427
1.418, 0.704427
1.419, 0.704427
1.42, 0.704427
1.421, 0.704428
1.422, 0.704428
1.423, 0.704428
1.424, 0.704428
1.425, 0.704428
1.426, 0.704429
1.427, 0.704429
1.428, 0.704429
1.429, 0.704429
1.43, 0.704429
1.431, 0.70443
1.432, 0.70443
1.433, 0.70443
1.434, 0.70443
1.435, 0.70443
1.436, 0.70443
1.437, 0.70443
1.438, 0.704431
1.439, 0.704431
1.44, 0.704431
1.441, 0.704431
1.442, 0.704431
1.443, 0.704431
1.444, 0.704431
1.445, 0.704431
1.446, 0.704431
1.447, 0.704431
1.448, 0.704431
1.449, 0.704432
1.45, 0.704432
1.451, 0.704432
1.452, 0.704432
1.453, 0.704432
1.454, 0.704432
1.455, 0.704432
1.456, 0.704432
1.457, 0.704432
1.458, 0.704432
1.459, 0.704432
1.46, 0.704432
1.461, 0.704432
1.462, 0.704432
1.463, 0.704432
1.464, 0.704432
1.465, 0.704432
1.466, 0.704432
1.467, 0.704432
1.468, 0.704432
1.469, 0.704432
1.47, 0.704432
1.471, 0.704432
1.472, 0.704432
1.473, 0.704432
1.474, 0.704432
1.475, 0.704432
1.476, 0.704432
1.477, 0.704431
1.478, 0.704431
1.479, 0.704431
1.48, 0.704431
1.481, 0.704431
1.482, 0.704431
1.483, 0.704431
1.484, 0.704431
1.485, 0.704431
1.486, 0.704431
1.487, 0.704431
1.488, 0.704431
1.489, 0.70443
1.49, 0.70443
1.491, 0.70443
1.492, 0.70443
1.493, 0.70443
1.494, 0.70443
1.495, 0.70443
1.496, 0.70443
1.497, 0.704429
1.498, 0.704429
1.499, 0.704429
1.5, 0.704429
1.501, 0.704429
1.502, 0.704429
1.503, 0.704429
1.504, 0.704428
1.505, 0.704428
1.506, 0.704428
1.507, 0.704428
1.508, 0.704428
1.509, 0.704428
1.51, 0.704427
1.511, 0.704427
1.512, 0.704427
1.513, 0.704427
1.514, 0.704427
1.515, 0.704426
1.516, 0.704426
1.517, 0.704426
1.518, 0.704426
1.519, 0.704426
1.52, 0.704425
1.521, 0.704425
1.522, 0.704425
1.523, 0.704425
1.524, 0.704424
1.525, 0.704424
1.526, 0.704424
1.527, 0.704424
1.528, 0.704424
1.529, 0.704423
1.53, 0.704423
1.531, 0.704423
1.532, 0.704423
1.533, 0.704422
1.534, 0.704422
1.535, 0.704422
1.536, 0.704422
1.537, 0.704421
1.538, 0.704421
1.539, 0.704421
1.54, 0.70442
1.541, 0.70442
1.542, 0.70442
1.543, 0.70442
1.544, 0.704419
1.545, 0.704419
1.546, 0.704419
1.547, 0.704419
1.548, 0.704418
1.549, 0.704418
1.55, 0.704418
1.551, 0.704417
1.552, 0.704417
1.553, 0.704417
1.554, 0.704416
1.555, 0.704416
1.556, 0.704416
1.557, 0.704415
1.558, 0.704415
1.559, 0.704415
1.56, 0.704415
1.561, 0.704414
1.562, 0.704414
1.563, 0.704414
1.564, 0.704413
1.565, 0.704413
1.566, 0.704413
1.567, 0.704412
1.568, 0.704412
1.569, 0.704412
1.57, 0.704411
1.571, 0.704411
1.572, 0.704411
1.573, 0.70441
1.574, 0.70441
1.575, 0.704409
1.576, 0.704409
1.577, 0.704409
1.578, 0.704408
1.579, 0.704408
1.58, 0.704408
1.581, 0.704407
1.582, 0.704407
1.583, 0.704407
1.584, 0.704406
1.585, 0.704406
1.586, 0.704405
1.587, 0.704405
1.588, 0.704405
1.589, 0.704404
1.59, 0.704404
1.591, 0.704404
1.592, 0.704403
1.593, 0.704403
1.594, 0.704402
1.595, 0.704402
1.596, 0.704402
1.597, 0.704401
1.598, 0.704401
1.599, 0.7044
1.6, 0.7044
1.601, 0.7044
1.602, 0.704399
1.603, 0.704399
1.604, 0.704398
1.605, 0.704398
1.606, 0.704398
1.607, 0.704397
1.608, 0.704397
1.609, 0.704396
1.61, 0.704396
1.611, 0.704396
1.612, 0.704395
1.613, 0.704395
1.614, 0.704394
1.615, 0.704394
1.616, 0.704393
1.617, 0.704393
1.618, 0.704393
1.619, 0.704392
1.62, 0.704392
1.621, 0.704391
1.622, 0.704391
1.623, 0.70439
1.624, 0.70439
1.625, 0.70439
1.626, 0.704389
1.627, 0.704389
1.628, 0.704388
1.629, 0.704388
1.63, 0.704387
1.631, 0.704387
1.632, 0.704386
1.633, 0.704386
1.634, 0.704386
1.635, 0.704385
1.636, 0.704385
1.637, 0.704384
1.638, 0.704384
1.639, 0.704383
1.64, 0.704383
1.641, 0.704382
1.642, 0.704382
1.643, 0.704381
1.644, 0.704381
1.645, 0.70438
1.646, 0.70438
1.647, 0.70438
1.648, 0.704379
1.649, 0.704379
1.65, 0.704378
1.651, 0.704378
1.652, 0.704377
1.653, 0.704377
1.654, 0.704376
1.655, 0.704376
1.656, 0.704375
1.657, 0.704375
1.658, 0.704374
1.659, 0.704374
1.66, 0.704373
1.661, 0.704373
1.662, 0.704372
1.663, 0.704372
1.664, 0.704371
1.665, 0.704371
1.666, 0.70437
1.667, 0.70437
1.668, 0.704369
1.669, 0.704369
1.67, 0.704368
1.671, 0.704368
1.672, 0.704367
1.673, 0.704367
1.674, 0.704366
1.675, 0.704366
1.676, 0.704365
1.677, 0.704365
1.678, 0.704364
1.679, 0.704364
1.68, 0.704363
1.681, 0.704363
1.682, 0.704362
1.683, 0.704362
1.684, 0.704361
1.685, 0.704361
1.686, 0.70436
1.687, 0.70436
1.688, 0.704359
1.689, 0.704359
1.69, 0.704358
1.691, 0.704358
1.692, 0.704357
1.693, 0.704357
1.694, 0.704356
1.695, 0.704356
1.696, 0.704355
1.697, 0.704355
1.698, 0.704354
1.699, 0.704354
1.7, 0.704353
1.701, 0.704353
1.702, 0.704352
1.703, 0.704352
1.704, 0.704351
1.705, 0.704351
1.706, 0.70435
1.707, 0.704349
1.708, 0.704349
1.709, 0.704348
1.71, 0.704348
1.711, 0.704347
1.712, 0.704347
1.713, 0.704346
1.714, 0.704346
1.715, 0.704345
1.716, 0.704345
1.717, 0.704344
1.718, 0.704344
1.719, 0.704343
1.72, 0.704343
1.721, 0.704342
1.722, 0.704341
1.723, 0.704341
1.724, 0.70434
1.725, 0.70434
1.726, 0.704339
1.727, 0.704339
1.728, 0.704338
1.729, 0.704338
1.73, 0.704337
1.731, 0.704337
1.732, 0.704336
1.733, 0.704335
1.734, 0.704335
1.735, 0.704334
1.736, 0.704334
1.737, 0.704333
1.738, 0.704333
1.739, 0.704332
1.74, 0.704332
1.741, 0.704331
1.742, 0.70433
1.743, 0.70433
1.744, 0.704329
1.745, 0.704329
1.746, 0.704328
1.747, 0.704328
1.748, 0.704327
1.749, 0.704327
1.75, 0.704326
1.751, 0.704325
1.752, 0.704325
1.753, 0.704324
1.754, 0.704324
1.755, 0.704323
1.756, 0.704323
1.757, 0.704322
1.758, 0.704322
1.759, 0.704321
1.76, 0.70432
1.761, 0.70432
1.762, 0.704319
1.763, 0.704319
1.764, 0.704318
1.765, 0.704318
1.766, 0.704317
1.767, 0.704316
1.768, 0.704316
1.769, 0.704315
1.77, 0.704315
1.771, 0.704314
1.772, 0.704314
1.773, 0.704313
1.774, 0.704313
1.775, 0.704312
1.776, 0.704311
1.777, 0.704311
1.778, 0.70431
1.779, 0.70431
1.78, 0.704309
1.781, 0.704309
1.782, 0.704308
1.783, 0.704307
1.784, 0.704307
1.785, 0.704306
1.786, 0.704306
1.787, 0.704305
1.788, 0.704304
1.789, 0.704304
1.79, 0.704303
1.791, 0.704303
1.792, 0.704302
1.793, 0.704302
1.794, 0.704301
1.795, 0.7043
1.796, 0.7043
1.797, 0.704299
1.798, 0.704299
1.799, 0.704298
1.8, 0.704298
1.801, 0.704297
1.802, 0.704296
1.803, 0.704296
1.804, 0.704295
1.805, 0.704295
1.806, 0.704294
1.807, 0.704293
1.808, 0.704293
1.809, 0.704292
1.81, 0.704292
1.811, 0.704291
1.812, 0.704291
1.813, 0.70429
1.814, 0.704289
1.815, 0.704289
1.816, 0.704288
1.817, 0.704288
1.818, 0.704287
1.819, 0.704286
1.82, 0.704286
1.821, 0.704285
1.822, 0.704285
1.823, 0.704284
1.824, 0.704284
1.825, 0.704283
1.826, 0.704282
1.827, 0.704282
1.828, 0.704281
1.829, 0.704281
1.83, 0.70428
1.831, 0.704279
1.832, 0.704279
1.833, 0.704278
1.834, 0.704278
1.835, 0.704277
1.836, 0.704276
1.837, 0.704276
1.838, 0.704275
1.839, 0.704275
1.84, 0.704274
1.841, 0.704273
1.842, 0.704273
1.843, 0.704272
1.844, 0.704272
1.845, 0.704271
1.846, 0.704271
1.847, 0.70427
1.848, 0.704269
1.849, 0.704269
1.85, 0.704268
1.851, 0.704268
1.852, 0.704267
1.853, 0.704266
1.854, 0.704266
1.855, 0.704265
1.856, 0.704265
1.857, 0.704264
1.858, 0.704263
1.859, 0.704263
1.86, 0.704262
1.861, 0.704262
1.862, 0.704261
1.863, 0.70426
1.864, 0.70426
1.865, 0.704259
1.866, 0.704259
1.867, 0.704258
1.868, 0.704257
1.869, 0.704257
1.87, 0.704256
1.871, 0.704256
1.872, 0.704255
1.873, 0.704254
1.874, 0.704254
1.875, 0.704253
1.876, 0.704253
1.877, 0.704252
1.878, 0.704251
1.879, 0.704251
1.88, 0.70425
1.881, 0.70425
1.882, 0.704249
1.883, 0.704248
1.884, 0.704248
1.885, 0.704247
1.886, 0.704247
1.887, 0.704246
1.888, 0.704245
1.889, 0.704245
1.89, 0.704244
1.891, 0.704244
1.892, 0.704243
1.893, 0.704242
1.894, 0.704242
1.895, 0.704241
1.896, 0.704241
1.897, 0.70424
1.898, 0.704239
1.899, 0.704239
1.9, 0.704238
1.901, 0.704238
1.902, 0.704237
1.903, 0.704236
1.904, 0.704236
1.905, 0.704235
1.906, 0.704234
1.907, 0.704234
1.908, 0.704233
1.909, 0.704233
1.91, 0.704232
1.911, 0.704231
1.912, 0.704231
1.913, 0.70423
1.914, 0.70423
1.915, 0.704229
1.916, 0.704228
1.917, 0.704228
1.918, 0.704227
1.919, 0.704227
1.92, 0.704226
1.921, 0.704225
1.922, 0.704225
1.923, 0.704224
1.924, 0.704224
1.925, 0.704223
1.926, 0.704222
1.927, 0.704222
1.928, 0.704221
1.929, 0.704221
1.93, 0.70422
1.931, 0.704219
1.932, 0.704219
1.933, 0.704218
1.934, 0.704218
1.935, 0.704217
1.936, 0.704216
1.937, 0.704216
1.938, 0.704215
1.939, 0.704214
1.94, 0.704214
1.941, 0.704213
1.942, 0.704213
1.943, 0.704212
1.944, 0.704211
1.945, 0.704211
1.946, 0.70421
1.947, 0.70421
1.948, 0.704209
1.949, 0.704208
1.95, 0.704208
1.951, 0.704207
1.952, 0.704207
1.953, 0.704206
1.954, 0.704205
1.955, 0.704205
1.956, 0.704204
1.957, 0.704204
1.958, 0.704203
1.959, 0.704202
1.96, 0.704202
1.961, 0.704201
1.962, 0.7042
1.963, 0.7042
1.964, 0.704199
1.965, 0.704199
1.966, 0.704198
1.967, 0.704197
1.968, 0.704197
1.969, 0.704196
1.97, 0.704196
1.971, 0.704195
1.972, 0.704194
1.973, 0.704194
1.974, 0.704193
1.975, 0.704193
1.976, 0.704192
1.977, 0.704191
1.978, 0.704191
1.979, 0.70419
1.98, 0.704189
1.981, 0.704189
1.982, 0.704188
1.983, 0.704188
1.984, 0.704187
1.985, 0.704186
1.986, 0.704186
1.987, 0.704185
1.988, 0.704185
1.989, 0.704184
1.99, 0.704183
1.991, 0.704183
1.992, 0.704182
1.993, 0.704182
1.994, 0.704181
1.995, 0.70418
1.996, 0.70418
1.997, 0.704179
1.998, 0.704178
1.999, 0.704178
2, 0.704177
2.001, 0.704177
2.002, 0.704176
2.003, 0.704175
2.004, 0.704175
2.005, 0.704174
2.006, 0.704174
2.007, 0.704173
2.008, 0.704172
2.009, 0.704172
2.01, 0.704171
2.011, 0.704171
2.012, 0.70417
2.013, 0.704169
2.014, 0.704169
2.015, 0.704168
2.016, 0.704167
2.017, 0.704167
2.018, 0.704166
2.019, 0.704166
2.02, 0.704165
2.021, 0.704164
2.022, 0.704164
2.023, 0.704163
2.024, 0.704163
2.025, 0.704162
2.026, 0.704161
2.027, 0.704161
2.028, 0.70416
2.029, 0.70416
2.03, 0.704159
2.031, 0.704158
2.032, 0.704158
2.033, 0.704157
2.034, 0.704156
2.035, 0.704156
2.036, 0.704155
2.037, 0.704155
2.038, 0.704154
2.039, 0.704153
2.04, 0.704153
2.041, 0.704152
2.042, 0.704152
2.043, 0.704151
2.044, 0.70415
2.045, 0.70415
2.046, 0.704149
2.047, 0.704149
2.048, 0.704148
2.049, 0.704147
2.05, 0.704147
2.051, 0.704146
2.052, 0.704145
2.053, 0.704145
2.054, 0.704144
2.055, 0.704144
2.056, 0.704143
2.057, 0.704142
2.058, 0.704142
2.059, 0.704141
2.06, 0.704141
2.061, 0.70414
2.062, 0.704139
2.063, 0.704139
2.064, 0.704138
2.065, 0.704138
2.066, 0.704137
2.067, 0.704136
2.068, 0.704136
2.069, 0.704135
2.07, 0.704134
2.071, 0.704134
2.072, 0.704133
2.073, 0.704133
2.074, 0.704132
2.075, 0.704131
2.076, 0.704131
2.077, 0.70413
2.078, 0.70413
2.079, 0.704129
2.08, 0.704128
2.081, 0.704128
2.082, 0.704127
2.083, 0.704127
2.084, 0.704126
2.085, 0.704125
2.086, 0.704125
2.087, 0.704124
2.088, 0.704123
2.089, 0.704123
2.09, 0.704122
2.091, 0.704122
2.092, 0.704121
2.093, 0.70412
2.094, 0.70412
2.095, 0.704119
2.096, 0.704119
2.097, 0.704118
2.098, 0.704117
2.099, 0.704117
2.1, 0.704116
2.101, 0.704116
2.102, 0.704115
2.103, 0.704114
2.104, 0.704114
2.105, 0.704113
2.106, 0.704113
2.107, 0.704112
2.108, 0.704111
2.109, 0.704111
2.11, 0.70411
2.111, 0.704109
2.112, 0.704109
2.113, 0.704108
2.114, 0.704108
2.115, 0.704107
2.116, 0.704106
2.117, 0.704106
2.118, 0.704105
2.119, 0.704105
2.12, 0.704104
2.121, 0.704103
2.122, 0.704103
2.123, 0.704102
2.124, 0.704102
2.125, 0.704101
2.126, 0.7041
2.127, 0.7041
2.128, 0.704099
2.129, 0.704099
2.13, 0.704098
2.131, 0.704097
2.132, 0.704097
2.133, 0.704096
2.134, 0.704095
2.135, 0.704095
2.136, 0.704094
2.137, 0.704094
2.138, 0.704093
2.139, 0.704092
2.14, 0.704092
2.141, 0.704091
2.142, 0.704091
2.143, 0.70409
2.144, 0.704089
2.145, 0.704089
2.146, 0.704088
2.147, 0.704088
2.148, 0.704087
2.149, 0.704086
2.15, 0.704086
2.151, 0.704085
2.152, 0.704085
2.153, 0.704084
2.154, 0.704083
2.155, 0.704083
2.156, 0.704082
2.157, 0.704081
2.158, 0.704081
2.159, 0.70408
2.16, 0.70408
2.161, 0.704079
2.162, 0.704078
2.163, 0.704078
2.164, 0.704077
2.165, 0.704077
2.166, 0.704076
2.167, 0.704075
2.168, 0.704075
2.169, 0.704074
2.17, 0.704074
2.171, 0.704073
2.172, 0.704072
2.173, 0.704072
2.174, 0.704071
2.175, 0.704071
2.176, 0.70407
2.177, 0.704069
2.178, 0.704069
2.179, 0.704068
2.18, 0.704068
2.181, 0.704067
2.182, 0.704066
2.183, 0.704066
2.184, 0.704065
2.185, 0.704064
2.186, 0.704064
2.187, 0.704063
2.188, 0.704063
2.189, 0.704062
2.19, 0.704061
2.191, 0.704061
2.192, 0.70406
2.193, 0.70406
2.194, 0.704059
2.195, 0.704058
2.196, 0.704058
2.197, 0.704057
2.198, 0.704057
2.199, 0.704056
2.2, 0.704055
2.201, 0.704055
2.202, 0.704054
2.203, 0.704054
2.204, 0.704053
2.205, 0.704052
2.206, 0.704052
2.207, 0.704051
2.208, 0.704051
2.209, 0.70405
2.21, 0.704049
2.211, 0.704049
2.212, 0.704048
2.213, 0.704048
2.214, 0.704047
2.215, 0.704046
2.216, 0.704046
2.217, 0.704045
2.218, 0.704045
2.219, 0.704044
2.22, 0.704043
2.221, 0.704043
2.222, 0.704042
2.223, 0.704042
2.224, 0.704041
2.225, 0.70404
2.226, 0.70404
2.227, 0.704039
2.228, 0.704039
2.229, 0.704038
2.23, 0.704037
2.231, 0.704037
2.232, 0.704036
2.233, 0.704035
2.234, 0.704035
2.235, 0.704034
2.236, 0.704034
2.237, 0.704033
2.238, 0.704032
2.239, 0.704032
2.24, 0.704031
2.241, 0.704031
2.242, 0.70403
2.243, 0.704029
2.244, 0.704029
2.245, 0.704028
2.246, 0.704028
2.247, 0.704027
2.248, 0.704026
2.249, 0.704026
2.25, 0.704025
2.251, 0.704025
2.252, 0.704024
2.253, 0.704023
2.254, 0.704023
2.255, 0.704022
2.256, 0.704022
2.257, 0.704021
2.258, 0.70402
2.259, 0.70402
2.26, 0.704019
2.261, 0.704019
2.262, 0.704018
2.263, 0.704017
2.264, 0.704017
2.265, 0.704016
2.266, 0.704016
2.267, 0.704015
2.268, 0.704014
2.269, 0.704014
2.27, 0.704013
2.271, 0.704013
2.272, 0.704012
2.273, 0.704011
2.274, 0.704011
2.275, 0.70401
2.276, 0.70401
2.277, 0.704009
2.278, 0.704008
2.279, 0.704008
2.28, 0.704007
2.281, 0.704007
2.282, 0.704006
2.283, 0.704005
2.284, 0.704005
2.285, 0.704004
2.286, 0.704004
2.287, 0.704003
2.288, 0.704002
2.289, 0.704002
2.29, 0.704001
2.291, 0.704001
2.292, 0.704
2.293, 0.703999
2.294, 0.703999
2.295, 0.703998
2.296, 0.703998
2.297, 0.703997
2.298, 0.703996
2.299, 0.703996
2.3, 0.703995
2.301, 0.703995
2.302, 0.703994
2.303, 0.703993
2.304, 0.703993
2.305, 0.703992
2.306, 0.703992
2.307, 0.703991
2.308, 0.703991
2.309, 0.70399
2.31, 0.703989
2.311, 0.703989
2.312, 0.703988
2.313, 0.703988
2.314, 0.703987
2.315, 0.703986
2.316, 0.703986
2.317, 0.703985
2.318, 0.703985
2.319, 0.703984
2.32, 0.703983
2.321, 0.703983
2.322, 0.703982
2.323, 0.703982
2.324, 0.703981
2.325, 0.70398
2.326, 0.70398
2.327, 0.703979
2.328, 0.703979
2.329, 0.703978
2.33, 0.703977
2.331, 0.703977
2.332, 0.703976
2.333, 0.703976
2.334, 0.703975
2.335, 0.703974
2.336, 0.703974
2.337, 0.703973
2.338, 0.703973
2.339, 0.703972
2.34, 0.703971
2.341, 0.703971
2.342, 0.70397
2.343, 0.70397
2.344, 0.703969
2.345, 0.703968
2.346, 0.703968
2.347, 0.703967
2.348, 0.703967
2.349, 0.703966
2.35, 0.703965
2.351, 0.703965
2.352, 0.703964
2.353, 0.703964
2.354, 0.703963
2.355, 0.703963
2.356, 0.703962
2.357, 0.703961
2.358, 0.703961
2.359, 0.70396
2.36, 0.70396
2.361, 0.703959
2.362, 0.703958
2.363, 0.703958
2.364, 0.703957
2.365, 0.703957
2.366, 0.703956
2.367, 0.703955
2.368, 0.703955
2.369, 0.703954
2.37, 0.703954
2.371, 0.703953
2.372, 0.703952
2.373, 0.703952
2.374, 0.703951
2.375, 0.703951
2.376, 0.70395
2.377, 0.703949
2.378, 0.703949
2.379, 0.703948
2.38, 0.703948
2.381, 0.703947
2.382, 0.703947
2.383, 0.703946
2.384, 0.703945
2.385, 0.703945
2.386, 0.703944
2.387, 0.703944
2.388, 0.703943
2.389, 0.703942
2.39, 0.703942
2.391, 0.703941
2.392, 0.703941
2.393, 0.70394
2.394, 0.703939
2.395, 0.703939
2.396, 0.703938
2.397, 0.703938
2.398, 0.703937
2.399, 0.703936
2.4, 0.703936
2.401, 0.703935
2.402, 0.703935
2.403, 0.703934
2.404, 0.703934
2.405, 0.703933
2.406, 0.703932
2.407, 0.703932
2.408, 0.703931
2.409, 0.703931
2.41, 0.70393
2.411, 0.703929
2.412, 0.703929
2.413, 0.703928
2.414, 0.703928
2.415, 0.703927
2.416, 0.703926
2.417, 0.703926
2.418, 0.703925
2.419, 0.703925
2.42, 0.703924
2.421, 0.703924
2.422, 0.703923
2.423, 0.703922
2.424, 0.703922
2.425, 0.703921
2.426, 0.703921
2.427, 0.70392
2.428, 0.703919
2.429, 0.703919
2.43, 0.703918
2.431, 0.703918
2.432, 0.703917
2.433, 0.703916
2.434, 0.703916
2.435, 0.703915
2.436, 0.703915
2.437, 0.703914
2.438, 0.703914
2.439, 0.703913
2.44, 0.703912
2.441, 0.703912
2.442, 0.703911
2.443, 0.703911
2.444, 0.70391
2.445, 0.703909
2.446, 0.703909
2.447, 0.703908
2.448, 0.703908
2.449, 0.703907
2.45, 0.703907
2.451, 0.703906
2.452, 0.703905
2.453, 0.703905
2.454, 0.703904
2.455, 0.703904
2.456, 0.703903
2.457, 0.703902
2.458, 0.703902
2.459, 0.703901
2.46, 0.703901
2.461, 0.7039
2.462, 0.703899
2.463, 0.703899
2.464, 0.703898
2.465, 0.703898
2.466, 0.703897
2.467, 0.703897
2.468, 0.703896
2.469, 0.703895
2.47, 0.703895
2.471, 0.703894
2.472, 0.703894
2.473, 0.703893
2.474, 0.703892
2.475, 0.703892
2.476, 0.703891
2.477, 0.703891
2.478, 0.70389
2.479, 0.70389
2.48, 0.703889
2.481, 0.703888
2.482, 0.703888
2.483, 0.703887
2.484, 0.703887
2.485, 0.703886
2.486, 0.703885
2.487, 0.703885
2.488, 0.703884
2.489, 0.703884
2.49, 0.703883
2.491, 0.703883
2.492, 0.703882
2.493, 0.703881
2.494, 0.703881
2.495, 0.70388
2.496, 0.70388
2.497, 0.703879
2.498, 0.703879
2.499, 0.703878
2.5, 0.703877
2.501, 0.703877
2.502, 0.703876
2.503, 0.703876
2.504, 0.703875
2.505, 0.703874
2.506, 0.703874
2.507, 0.703873
2.508, 0.703873
2.509, 0.703872
2.51, 0.703872
2.511, 0.703871
2.512, 0.70387
2.513, 0.70387
2.514, 0.703869
2.515, 0.703869
2.516, 0.703868
2.517, 0.703867
2.518, 0.703867
2.519, 0.703866
2.52, 0.703866
2.521, 0.703865
2.522, 0.703865
2.523, 0.703864
2.524, 0.703863
2.525, 0.703863
2.526, 0.703862
2.527, 0.703862
2.528, 0.703861
2.529, 0.703861
2.53, 0.70386
2.531, 0.703859
2.532, 0.703859
2.533, 0.703858
2.534, 0.703858
2.535, 0.703857
2.536, 0.703856
2.537, 0.703856
2.538, 0.703855
2.539, 0.703855
2.54, 0.703854
2.541, 0.703854
2.542, 0.703853
2.543, 0.703852
2.544, 0.703852
2.545, 0.703851
2.546, 0.703851
2.547, 0.70385
2.548, 0.70385
2.549, 0.703849
2.55, 0.703848
2.551, 0.703848
2.552, 0.703847
2.553, 0.703847
2.554, 0.703846
2.555, 0.703845
2.556, 0.703845
2.557, 0.703844
2.558, 0.703844
2.559, 0.703843
2.56, 0.703843
2.561, 0.703842
2.562, 0.703841
2.563, 0.703841
2.564, 0.70384
2.565, 0.70384
2.566, 0.703839
2.567, 0.703839
2.568, 0.703838
2.569, 0.703837
2.57, 0.703837
2.571, 0.703836
2.572, 0.703836
2.573, 0.703835
2.574, 0.703835
2.575, 0.703834
2.576, 0.703833
2.577, 0.703833
2.578, 0.703832
2.579, 0.703832
2.58, 0.703831
2.581, 0.703831
2.582, 0.70383
2.583, 0.703829
2.584, 0.703829
2.585, 0.703828
2.586, 0.703828
2.587, 0.703827
2.588, 0.703826
2.589, 0.703826
2.59, 0.703825
2.591, 0.703825
2.592, 0.703824
2.593, 0.703824
2.594, 0.703823
2.595, 0.703822
2.596, 0.703822
2.597, 0.703821
2.598, 0.703821
2.599, 0.70382
2.6, 0.70382
2.601, 0.703819
2.602, 0.703818
2.603, 0.703818
2.604, 0.703817
2.605, 0.703817
2.606, 0.703816
2.607, 0.703816
2.608, 0.703815
2.609, 0.703814
2.61, 0.703814
2.611, 0.703813
2.612, 0.703813
2.613, 0.703812
2.614, 0.703812
2.615, 0.703811
2.616, 0.70381
2.617, 0.70381
2.618, 0.703809
2.619, 0.703809
2.62, 0.703808
2.621, 0.703808
2.622, 0.703807
2.623, 0.703806
2.624, 0.703806
2.625, 0.703805
2.626, 0.703805
2.627, 0.703804
2.628, 0.703804
2.629, 0.703803
2.63, 0.703802
2.631, 0.703802
2.632, 0.703801
2.633, 0.703801
2.634, 0.7038
2.635, 0.7038
2.636, 0.703799
2.637, 0.703798
2.638, 0.703798
2.639, 0.703797
2.64, 0.703797
2.641, 0.703796
2.642, 0.703796
2.643, 0.703795
2.644, 0.703794
2.645, 0.703794
2.646, 0.703793
2.647, 0.703793
2.648, 0.703792
2.649, 0.703792
2.65, 0.703791
2.651, 0.703791
2.652, 0.70379
2.653, 0.703789
2.654, 0.703789
2.655, 0.703788
2.656, 0.703788
2.657, 0.703787
2.658, 0.703787
2.659, 0.703786
2.66, 0.703785
2.661, 0.703785
2.662, 0.703784
2.663, 0.703784
2.664, 0.703783
2.665, 0.703783
2.666, 0.703782
2.667, 0.703781
2.668, 0.703781
2.669, 0.70378
2.67, 0.70378
2.671, 0.703779
2.672, 0.703779
2.673, 0.703778
2.674, 0.703777
2.675, 0.703777
2.676, 0.703776
2.677, 0.703776
2.678, 0.703775
2.679, 0.703775
2.68, 0.703774
2.681, 0.703773
2.682, 0.703773
2.683, 0.703772
2.684, 0.703772
2.685, 0.703771
2.686, 0.703771
2.687, 0.70377
2.688, 0.70377
2.689, 0.703769
2.69, 0.703768
2.691, 0.703768
2.692, 0.703767
2.693, 0.703767
2.694, 0.703766
2.695, 0.703766
2.696, 0.703765
2.697, 0.703764
2.698, 0.703764
2.699, 0.703763
2.7, 0.703763
2.701, 0.703762
2.702, 0.703762
2.703, 0.703761
2.704, 0.70376
2.705, 0.70376
2.706, 0.703759
2.707, 0.703759
2.708, 0.703758
2.709, 0.703758
2.71, 0.703757
2.711, 0.703757
2.712, 0.703756
2.713, 0.703755
2.714, 0.703755
2.715, 0.703754
2.716, 0.703754
2.717, 0.703753
2.718, 0.703753
2.719, 0.703752
2.72, 0.703751
2.721, 0.703751
2.722, 0.70375
2.723, 0.70375
2.724, 0.703749
2.725, 0.703749
2.726, 0.703748
2.727, 0.703748
2.728, 0.703747
2.729, 0.703746
2.73, 0.703746
2.731, 0.703745
2.732, 0.703745
2.733, 0.703744
2.734, 0.703744
2.735, 0.703743
2.736, 0.703742
2.737, 0.703742
2.738, 0.703741
2.739, 0.703741
2.74, 0.70374
2.741, 0.70374
2.742, 0.703739
2.743, 0.703739
2.744, 0.703738
2.745, 0.703737
2.746, 0.703737
2.747, 0.703736
2.748, 0.703736
2.749, 0.703735
2.75, 0.703735
2.751, 0.703734
2.752, 0.703733
2.753, 0.703733
2.754, 0.703732
2.755, 0.703732
2.756, 0.703731
2.757, 0.703731
2.758, 0.70373
2.759, 0.70373
2.76, 0.703729
2.761, 0.703728
2.762, 0.703728
2.763, 0.703727
2.764, 0.703727
2.765, 0.703726
2.766, 0.703726
2.767, 0.703725
2.768, 0.703725
2.769, 0.703724
2.77, 0.703723
2.771, 0.703723
2.772, 0.703722
2.773, 0.703722
2.774, 0.703721
2.775, 0.703721
2.776, 0.70372
2.777, 0.70372
2.778, 0.703719
2.779, 0.703718
2.78, 0.703718
2.781, 0.703717
2.782, 0.703717
2.783, 0.703716
2.784, 0.703716
2.785, 0.703715
2.786, 0.703714
2.787, 0.703714
2.788, 0.703713
2.789, 0.703713
2.79, 0.703712
2.791, 0.703712
2.792, 0.703711
2.793, 0.703711
2.794, 0.70371
2.795, 0.703709
2.796, 0.703709
2.797, 0.703708
2.798, 0.703708
2.799, 0.703707
2.8, 0.703707
2.801, 0.703706
2.802, 0.703706
2.803, 0.703705
2.804, 0.703704
2.805, 0.703704
2.806, 0.703703
2.807, 0.703703
2.808, 0.703702
2.809, 0.703702
2.81, 0.703701
2.811, 0.703701
2.812, 0.7037
2.813, 0.703699
2.814, 0.703699
2.815, 0.703698
2.816, 0.703698
2.817, 0.703697
2.818, 0.703697
2.819, 0.703696
2.82, 0.703696
2.821, 0.703695
2.822, 0.703694
2.823, 0.703694
2.824, 0.703693
2.825, 0.703693
2.826, 0.703692
2.827, 0.703692
2.828, 0.703691
2.829, 0.703691
2.83, 0.70369
2.831, 0.703689
2.832, 0.703689
2.833, 0.703688
2.834, 0.703688
2.835, 0.703687
2.836, 0.703687
2.837, 0.703686
2.838, 0.703686
2.839, 0.703685
2.84, 0.703685
2.841, 0.703684
2.842, 0.703683
2.843, 0.703683
2.844, 0.703682
2.845, 0.703682
2.846, 0.703681
2.847, 0.703681
2.848, 0.70368
2.849, 0.70368
2.85, 0.703679
2.851, 0.703678
2.852, 0.703678
2.853, 0.703677
2.854, 0.703677
2.855, 0.703676
2.856, 0.703676
2.857, 0.703675
2.858, 0.703675
2.859, 0.703674
2.86, 0.703673
2.861, 0.703673
2.862, 0.703672
2.863, 0.703672
2.864, 0.703671
2.865, 0.703671
2.866, 0.70367
2.867, 0.70367
2.868, 0.703669
2.869, 0.703669
2.87, 0.703668
2.871, 0.703667
2.872, 0.703667
2.873, 0.703666
2.874, 0.703666
2.875, 0.703665
2.876, 0.703665
2.877, 0.703664
2.878, 0.703664
2.879, 0.703663
2.88, 0.703662
2.881, 0.703662
2.882, 0.703661
2.883, 0.703661
2.884, 0.70366
2.885, 0.70366
2.886, 0.703659
2.887, 0.703659
2.888, 0.703658
2.889, 0.703658
2.89, 0.703657
2.891, 0.703656
2.892, 0.703656
2.893, 0.703655
2.894, 0.703655
2.895, 0.703654
2.896, 0.703654
2.897, 0.703653
2.898, 0.703653
2.899, 0.703652
2.9, 0.703651
2.901, 0.703651
2.902, 0.70365
2.903, 0.70365
2.904, 0.703649
2.905, 0.703649
2.906, 0.703648
2.907, 0.703648
2.908, 0.703647
2.909, 0.703647
2.91, 0.703646
2.911, 0.703645
2.912, 0.703645
2.913, 0.703644
2.914, 0.703644
2.915, 0.703643
2.916, 0.703643
2.917, 0.703642
2.918, 0.703642
2.919, 0.703641
2.92, 0.703641
2.921, 0.70364
2.922, 0.703639
2.923, 0.703639
2.924, 0.703638
2.925, 0.703638
2.926, 0.703637
2.927, 0.703637
2.928, 0.703636
2.929, 0.703636
2.93, 0.703635
2.931, 0.703635
2.932, 0.703634
2.933, 0.703633
2.934, 0.703633
2.935, 0.703632
2.936, 0.703632
2.937, 0.703631
2.938, 0.703631
2.939, 0.70363
2.94, 0.70363
2.941, 0.703629
2.942, 0.703629
2.943, 0.703628
2.944, 0.703627
2.945, 0.703627
2.946, 0.703626
2.947, 0.703626
2.948, 0.703625
2.949, 0.703625
2.95, 0.703624
2.951, 0.703624
2.952, 0.703623
2.953, 0.703623
2.954, 0.703622
2.955, 0.703621
2.956, 0.703621
2.957, 0.70362
2.958, 0.70362
2.959, 0.703619
2.96, 0.703619
2.961, 0.703618
2.962, 0.703618
2.963, 0.703617
2.964, 0.703617
2.965, 0.703616
2.966, 0.703615
2.967, 0.703615
2.968, 0.703614
2.969, 0.703614
2.97, 0.703613
2.971, 0.703613
2.972, 0.703612
2.973, 0.703612
2.974, 0.703611
2.975, 0.703611
2.976, 0.70361
2.977, 0.70361
2.978, 0.703609
2.979, 0.703608
2.98, 0.703608
2.981, 0.703607
2.982, 0.703607
2.983, 0.703606
2.984, 0.703606
2.985, 0.703605
2.986, 0.703605
2.987, 0.703604
2.988, 0.703604
2.989, 0.703603
2.99, 0.703602
2.991, 0.703602
2.992, 0.703601
2.993, 0.703601
2.994, 0.7036
2.995, 0.7036
2.996, 0.703599
2.997, 0.703599
2.998, 0.703598
2.999, 0.703598
3, 0.703597
3.001, 0.703597
3.002, 0.703596
3.003, 0.703595
3.004, 0.703595
3.005, 0.703594
3.006, 0.703594
3.007, 0.703593
3.008, 0.703593
3.009, 0.703592
3.01, 0.703592
3.011, 0.703591
3.012, 0.703591
3.013, 0.70359
3.014, 0.70359
3.015, 0.703589
3.016, 0.703588
3.017, 0.703588
3.018, 0.703587
3.019, 0.703587
3.02, 0.703586
3.021, 0.703586
3.022, 0.703585
3.023, 0.703585
3.024, 0.703584
3.025, 0.703584
3.026, 0.703583
3.027, 0.703583
3.028, 0.703582
3.029, 0.703581
3.03, 0.703581
3.031, 0.70358
3.032, 0.70358
3.033, 0.703579
3.034, 0.703579
3.035, 0.703578
3.036, 0.703578
3.037, 0.703577
3.038, 0.703577
3.039, 0.703576
3.04, 0.703576
3.041, 0.703575
3.042, 0.703574
3.043, 0.703574
3.044, 0.703573
3.045, 0.703573
3.046, 0.703572
3.047, 0.703572
3.048, 0.703571
3.049, 0.703571
3.05, 0.70357
3.051, 0.70357
3.052, 0.703569
3.053, 0.703569
3.054, 0.703568
3.055, 0.703568
3.056, 0.703567
3.057, 0.703566
3.058, 0.703566
3.059, 0.703565
3.06, 0.703565
3.061, 0.703564
3.062, 0.703564
3.063, 0.703563
3.064, 0.703563
3.065, 0.703562
3.066, 0.703562
3.067, 0.703561
3.068, 0.703561
3.069, 0.70356
3.07, 0.703559
3.071, 0.703559
3.072, 0.703558
3.073, 0.703558
3.074, 0.703557
3.075, 0.703557
3.076, 0.703556
3.077, 0.703556
3.078, 0.703555
3.079, 0.703555
3.08, 0.703554
3.081, 0.703554
3.082, 0.703553
3.083, 0.703553
3.084, 0.703552
3.085, 0.703551
3.086, 0.703551
3.087, 0.70355
3.088, 0.70355
3.089, 0.703549
3.09, 0.703549
3.091, 0.703548
3.092, 0.703548
3.093, 0.703547
3.094, 0.703547
3.095, 0.703546
3.096, 0.703546
3.097, 0.703545
3.098, 0.703545
3.099, 0.703544
3.1, 0.703544
3.101, 0.703543
3.102, 0.703542
3.103, 0.703542
3.104, 0.703541
3.105, 0.703541
3.106, 0.70354
3.107, 0.70354
3.108, 0.703539
3.109, 0.703539
3.11, 0.703538
3.111, 0.703538
3.112, 0.703537
3.113, 0.703537
3.114, 0.703536
3.115, 0.703536
3.116, 0.703535
3.117, 0.703534
3.118, 0.703534
3.119, 0.703533
3.12, 0.703533
3.121, 0.703532
3.122, 0.703532
3.123, 0.703531
3.124, 0.703531
3.125, 0.70353
3.126, 0.70353
3.127, 0.703529
3.128, 0.703529
3.129, 0.703528
3.13, 0.703528
3.131, 0.703527
3.132, 0.703527
3.133, 0.703526
3.134, 0.703525
3.135, 0.703525
3.136, 0.703524
3.137, 0.703524
3.138, 0.703523
3.139, 0.703523
3.14, 0.703522
3.141, 0.703522
3.142, 0.703521
3.143, 0.703521
3.144, 0.70352
3.145, 0.70352
3.146, 0.703519
3.147, 0.703519
3.148, 0.703518
3.149, 0.703518
3.15, 0.703517
3.151, 0.703516
3.152, 0.703516
3.153, 0.703515
3.154, 0.703515
3.155, 0.703514
3.156, 0.703514
3.157, 0.703513
3.158, 0.703513
3.159, 0.703512
3.16, 0.703512
3.161, 0.703511
3.162, 0.703511
3.163, 0.70351
3.164, 0.70351
3.165, 0.703509
3.166, 0.703509
3.167, 0.703508
3.168, 0.703508
3.169, 0.703507
3.17, 0.703506
3.171, 0.703506
3.172, 0.703505
3.173, 0.703505
3.174, 0.703504
3.175, 0.703504
3.176, 0.703503
3.177, 0.703503
3.178, 0.703502
3.179, 0.703502
3.18, 0.703501
3.181, 0.703501
3.182, 0.7035
3.183, 0.7035
3.184, 0.703499
3.185, 0.703499
3.186, 0.703498
3.187, 0.703498
3.188, 0.703497
3.189, 0.703496
3.19, 0.703496
3.191, 0.703495
3.192, 0.703495
3.193, 0.703494
3.194, 0.703494
3.195, 0.703493
3.196, 0.703493
3.197, 0.703492
3.198, 0.703492
3.199, 0.703491
3.2, 0.703491
3.201, 0.70349
3.202, 0.70349
3.203, 0.703489
3.204, 0.703489
3.205, 0.703488
3.206, 0.703488
3.207, 0.703487
3.208, 0.703487
3.209, 0.703486
3.21, 0.703485
3.211, 0.703485
3.212, 0.703484
3.213, 0.703484
3.214, 0.703483
3.215, 0.703483
3.216, 0.703482
3.217, 0.703482
3.218, 0.703481
3.219, 0.703481
3.22, 0.70348
3.221, 0.70348
3.222, 0.703479
3.223, 0.703479
3.224, 0.703478
3.225, 0.703478
3.226, 0.703477
3.227, 0.703477
3.228, 0.703476
3.229, 0.703476
3.23, 0.703475
3.231, 0.703475
3.232, 0.703474
3.233, 0.703473
3.234, 0.703473
3.235, 0.703472
3.236, 0.703472
3.237, 0.703471
3.238, 0.703471
3.239, 0.70347
3.24, 0.70347
3.241, 0.703469
3.242, 0.703469
3.243, 0.703468
3.244, 0.703468
3.245, 0.703467
3.246, 0.703467
3.247, 0.703466
3.248, 0.703466
3.249, 0.703465
3.25, 0.703465
3.251, 0.703464
3.252, 0.703464
3.253, 0.703463
3.254, 0.703463
3.255, 0.703462
3.256, 0.703462
3.257, 0.703461
3.258, 0.70346
3.259, 0.70346
3.26, 0.703459
3.261, 0.703459
3.262, 0.703458
3.263, 0.703458
3.264, 0.703457
3.265, 0.703457
3.266, 0.703456
3.267, 0.703456
3.268, 0.703455
3.269, 0.703455
3.27, 0.703454
3.271, 0.703454
3.272, 0.703453
3.273, 0.703453
3.274, 0.703452
3.275, 0.703452
3.276, 0.703451
3.277, 0.703451
3.278, 0.70345
3.279, 0.70345
3.28, 0.703449
3.281, 0.703449
3.282, 0.703448
3.283, 0.703448
3.284, 0.703447
3.285, 0.703446
3.286, 0.703446
3.287, 0.703445
3.288, 0.703445
3.289, 0.703444
3.29, 0.703444
3.291, 0.703443
3.292, 0.703443
3.293, 0.703442
3.294, 0.703442
3.295, 0.703441
3.296, 0.703441
3.297, 0.70344
3.298, 0.70344
3.299, 0.703439
3.3, 0.703439
3.301, 0.703438
3.302, 0.703438
3.303, 0.703437
3.304, 0.703437
3.305, 0.703436
3.306, 0.703436
3.307, 0.703435
3.308, 0.703435
3.309, 0.703434
3.31, 0.703434
3.311, 0.703433
3.312, 0.703433
3.313, 0.703432
3.314, 0.703432
0, 0
0, 0
0, 0
0.001, 0
0.002, 4.70123e-06
0.003, 1.68582e-05
0.004, 3.8489e-05
0.005, 7.11793e-05
0.006, 0.000116221
0.007, 0.000174687
0.008, 0.000247486
0.009, 0.000335389
0.01, 0.00043906
0.011, 0.00055907
0.012, 0.000695911
0.013, 0.000850011
0.014, 0.00102174
0.015, 0.00121141
0.016, 0.00141931
0.017, 0.00164567
0.018, 0.00189069
0.019, 0.00215454
0.02, 0.00243737
0.021, 0.0027393
0.022, 0.00306042
0.023, 0.00340083
0.024, 0.00376058
0.025, 0.00413971
0.026, 0.00453827
0.027, 0.00495626
0.028, 0.0053937
0.029, 0.00585059
0.03, 0.00632691
0.031, 0.00682265
0.032, 0.00733777
0.033, 0.00787224
0.034, 0.00842601
0.035, 0.00899906
0.036, 0.00959131
0.037, 0.0102027
0.038, 0.0108332
0.039, 0.0114827
0.04, 0.0121512
0.041, 0.0128386
0.042, 0.0135448
0.043, 0.0142697
0.044, 0.0150133
0.045, 0.0157755
0.046, 0.0165561
0.047, 0.0173552
0.048, 0.0181726
0.049, 0.0190083
0.05, 0.0198621
0.051, 0.020734
0.052, 0.0216238
0.053, 0.0225316
0.054, 0.0234571
0.055, 0.0244004
0.056, 0.0253612
0.057, 0.0263396
0.058, 0.0273355
0.059, 0.0283486
0.06, 0.0293791
0.061, 0.0304266
0.062, 0.0314913
0.063, 0.0325729
0.064, 0.0336714
0.065, 0.0347867
0.066, 0.0359187
0.067, 0.0370674
0.068, 0.0382325
0.069, 0.0394141
0.07, 0.040612
0.071, 0.0418262
0.072, 0.0430565
0.073, 0.044303
0.074, 0.0455654
0.075, 0.0468437
0.076, 0.0481378
0.077, 0.0494477
0.078, 0.0507732
0.079, 0.0521143
0.08, 0.0534709
0.081, 0.0548428
0.082, 0.0562301
0.083, 0.0576325
0.084, 0.0590502
0.085, 0.0604829
0.086, 0.0619305
0.087, 0.0633931
0.088, 0.0648705
0.089, 0.0663626
0.09, 0.0678694
0.091, 0.0693907
0.092, 0.0709266
0.093, 0.0724769
0.094, 0.0740415
0.095, 0.0756204
0.096, 0.0772135
0.097, 0.0788207
0.098, 0.0804419
0.099, 0.0820771
0.1, 0.0837261
0.101, 0.085389
0.102, 0.0870657
0.103, 0.0887559
0.104, 0.0904598
0.105, 0.0921772
0.106, 0.093908
0.107, 0.0956522
0.108, 0.0974097
0.109, 0.0991805
0.11, 0.100964
0.111, 0.102761
0.112, 0.104571
0.113, 0.106394
0.114, 0.10823
0.115, 0.110079
0.116, 0.11194
0.117, 0.113814
0.118, 0.115701
0.119, 0.1176
0.12, 0.119512
0.121, 0.121436
0.122, 0.123372
0.123, 0.125321
0.124, 0.127282
0.125, 0.129255
0.126, 0.13124
0.127, 0.133237
0.128, 0.135246
0.129, 0.137267
0.13, 0.1393
0.131, 0.141345
0.132, 0.143401
0.133, 0.145469
0.134, 0.147549
0.135, 0.14964
0.136, 0.151742
0.137, 0.153856
0.138, 0.155981
0.139, 0.158118
0.14, 0.160266
0.141, 0.162425
0.142, 0.164595
0.143, 0.166776
0.144, 0.168968
0.145, 0.171171
0.146, 0.173385
0.147, 0.17561
0.148, 0.177845
0.149, 0.180092
0.15, 0.182349
0.151, 0.184616
0.152, 0.186894
0.153, 0.189183
0.154, 0.191482
0.155, 0.193791
0.156, 0.196111
0.157, 0.198441
0.158, 0.200781
0.159, 0.203131
0.16, 0.205492
0.161, 0.207862
0.162, 0.210243
0.163, 0.212634
0.164, 0.215034
0.165, 0.217444
0.166, 0.219865
0.167, 0.222294
0.168, 0.224734
0.169, 0.227183
0.17, 0.229642
0.171, 0.232111
0.172, 0.234588
0.173, 0.237074
0.174, 0.239567
0.175, 0.242067
0.176, 0.244572
0.177, 0.247082
0.178, 0.249595
0.179, 0.252111
0.18, 0.254628
0.181, 0.257146
0.182, 0.259664
0.183, 0.26218
0.184, 0.264694
0.185, 0.267204
0.186, 0.269711
0.187, 0.272213
0.188, 0.274708
0.189, 0.277197
0.19, 0.279678
0.191, 0.282151
0.192, 0.284615
0.193, 0.28707
0.194, 0.289514
0.195, 0.291948
0.196, 0.294371
0.197, 0.296782
0.198, 0.299181
0.199, 0.301568
0.2, 0.303942
0.201, 0.306304
0.202, 0.308652
0.203, 0.310987
0.204, 0.313308
0.205, 0.315615
0.206, 0.317908
0.207, 0.320187
0.208, 0.322452
0.209, 0.324702
0.21, 0.326938
0.211, 0.329159
0.212, 0.331366
0.213, 0.333558
0.214, 0.335735
0.215, 0.337897
0.216, 0.340045
0.217, 0.342178
0.218, 0.344297
0.219, 0.346401
0.22, 0.34849
0.221, 0.350565
0.222, 0.352625
0.223, 0.354671
0.224, 0.356703
0.225, 0.358721
0.226, 0.360725
0.227, 0.362715
0.228, 0.364691
0.229, 0.366654
0.23, 0.368604
0.231, 0.37054
0.232, 0.372463
0.233, 0.374373
0.234, 0.376271
0.235, 0.378156
0.236, 0.380028
0.237, 0.381889
0.238, 0.383737
0.239, 0.385574
0.24, 0.387399
0.241, 0.389212
0.242, 0.391015
0.243, 0.392806
0.244, 0.394587
0.245, 0.396356
0.246, 0.398116
0.247, 0.399865
0.248, 0.401603
0.249, 0.403332
0.25, 0.405051
0.251, 0.40676
0.252, 0.40846
0.253, 0.410151
0.254, 0.411832
0.255, 0.413505
0.256, 0.415168
0.257, 0.416823
0.258, 0.418469
0.259, 0.420106
0.26, 0.421735
0.261, 0.423356
0.262, 0.424969
0.263, 0.426574
0.264, 0.42817
0.265, 0.429759
0.266, 0.43134
0.267, 0.432914
0.268, 0.434479
0.269, 0.436037
0.27, 0.437588
0.271, 0.439131
0.272, 0.440667
0.273, 0.442196
0.274, 0.443717
0.275, 0.445231
0.276, 0.446738
0.277, 0.448238
0.278, 0.44973
0.279, 0.451216
0.28, 0.452694
0.281, 0.454166
0.282, 0.45563
0.283, 0.457088
0.284, 0.458538
0.285, 0.459982
0.286, 0.461418
0.287, 0.462848
0.288, 0.46427
0.289, 0.465686
0.29, 0.467094
0.291, 0.468496
0.292, 0.46989
0.293, 0.471277
0.294, 0.472657
0.295, 0.47403
0.296, 0.475395
0.297, 0.476754
0.298, 0.478105
0.299, 0.479448
0.3, 0.480785
0.301, 0.482114
0.302, 0.483436
0.303, 0.484751
0.304, 0.486058
0.305, 0.487358
0.306, 0.488651
0.307, 0.489936
0.308, 0.491214
0.309, 0.492485
0.31, 0.493749
0.311, 0.495005
0.312, 0.496254
0.313, 0.497496
0.314, 0.49873
0.315, 0.499958
0.316, 0.501178
0.317, 0.502392
0.318, 0.503598
0.319, 0.504797
0.32, 0.505989
0.321, 0.507175
0.322, 0.508353
0.323, 0.509524
0.324, 0.510689
0.325, 0.511847
0.326, 0.512998
0.327, 0.514142
0.328, 0.515279
0.329, 0.51641
0.33, 0.517534
0.331, 0.518652
0.332, 0.519763
0.333, 0.520867
0.334, 0.521965
0.335, 0.523057
0.336, 0.524142
0.337, 0.525221
0.338, 0.526294
0.339, 0.52736
0.34, 0.528421
0.341, 0.529475
0.342, 0.530523
0.343, 0.531565
0.344, 0.5326
0.345, 0.53363
0.346, 0.534654
0.347, 0.535673
0.348, 0.536685
0.349, 0.537691
0.35, 0.538692
0.351, 0.539687
0.352, 0.540677
0.353, 0.54166
0.354, 0.542639
0.355, 0.543611
0.356, 0.544579
0.357, 0.54554
0.358, 0.546497
0.359, 0.547448
0.36, 0.548393
0.361, 0.549334
0.362, 0.550269
0.363, 0.551199
0.364, 0.552123
0.365, 0.553043
0.366, 0.553957
0.367, 0.554867
0.368, 0.555771
0.369, 0.55667
0.37, 0.557565
0.371, 0.558454
0.372, 0.559339
0.373, 0.560218
0.374, 0.561093
0.375, 0.561963
0.376, 0.562828
0.377, 0.563688
0.378, 0.564544
0.379, 0.565394
0.38, 0.56624
0.381, 0.567082
0.382, 0.567919
0.383, 0.568751
0.384, 0.569578
0.385, 0.570401
0.386, 0.57122
0.387, 0.572033
0.388, 0.572843
0.389, 0.573647
0.39, 0.574448
0.391, 0.575244
0.392, 0.576035
0.393, 0.576822
0.394, 0.577605
0.395, 0.578383
0.396, 0.579157
0.397, 0.579926
0.398, 0.580692
0.399, 0.581452
0.4, 0.582209
0.401, 0.582961
0.402, 0.58371
0.403, 0.584453
0.404, 0.585193
0.405, 0.585929
0.406, 0.58666
0.407, 0.587387
0.408, 0.58811
0.409, 0.588829
0.41, 0.589544
0.411, 0.590254
0.412, 0.590961
0.413, 0.591663
0.414, 0.592362
0.415, 0.593056
0.416, 0.593747
0.417, 0.594433
0.418, 0.595115
0.419, 0.595794
0.42, 0.596468
0.421, 0.597139
0.422, 0.597806
0.423, 0.598469
0.424, 0.599127
0.425, 0.599783
0.426, 0.600434
0.427, 0.601081
0.428, 0.601725
0.429, 0.602365
0.43, 0.603001
0.431, 0.603633
0.432, 0.604262
0.433, 0.604887
0.434, 0.605508
0.435, 0.606125
0.436, 0.606739
0.437, 0.607349
0.438, 0.607956
0.439, 0.608559
0.44, 0.609158
0.441, 0.609754
0.442, 0.610346
0.443, 0.610935
0.444, 0.611521
0.445, 0.612102
0.446, 0.612681
0.447, 0.613256
0.448, 0.613827
0.449, 0.614395
0.45, 0.61496
0.451, 0.615521
0.452, 0.616079
0.453, 0.616634
0.454, 0.617185
0.455, 0.617733
0.456, 0.618278
0.457, 0.61882
0.458, 0.619358
0.459, 0.619893
0.46, 0.620425
0.461, 0.620954
0.462, 0.621479
0.463, 0.622002
0.464, 0.622521
0.465, 0.623037
0.466, 0.623551
0.467, 0.624061
0.468, 0.624568
0.469, 0.625072
0.47, 0.625573
0.471, 0.626071
0.472, 0.626566
0.473, 0.627058
0.474, 0.627548
0.475, 0.628034
0.476, 0.628517
0.477, 0.628998
0.478, 0.629475
0.479, 0.62995
0.48, 0.630422
0.481, 0.630891
0.482, 0.631358
0.483, 0.631822
0.484, 0.632282
0.485, 0.632741
0.486, 0.633196
0.487, 0.633649
0.488, 0.634099
0.489, 0.634546
0.49, 0.634991
0.491, 0.635433
0.492, 0.635872
0.493, 0.636309
0.494, 0.636743
0.495, 0.637175
0.496, 0.637604
0.497, 0.63803
0.498, 0.638454
0.499, 0.638875
0.5, 0.639294
0.501, 0.639711
0.502, 0.640124
0.503, 0.640536
0.504, 0.640945
0.505, 0.641351
0.506, 0.641756
0.507, 0.642157
0.508, 0.642556
0.509, 0.642953
0.51, 0.643348
0.511, 0.64374
0.512, 0.64413
0.513, 0.644517
0.514, 0.644903
0.515, 0.645285
0.516, 0.645666
0.517, 0.646044
0.518, 0.64642
0.519, 0.646794
0.52, 0.647166
0.521, 0.647535
0.522, 0.647902
0.523, 0.648267
0.524, 0.648629
0.525, 0.64899
0.526, 0.649348
0.527, 0.649704
0.528, 0.650058
0.529, 0.65041
0.53, 0.65076
0.531, 0.651108
0.532, 0.651453
0.533, 0.651797
0.534, 0.652138
0.535, 0.652477
0.536, 0.652814
0.537, 0.65315
0.538, 0.653483
0.539, 0.653814
0.54, 0.654143
0.541, 0.65447
0.542, 0.654795
0.543, 0.655118
0.544, 0.65544
0.545, 0.655759
0.546, 0.656076
0.547, 0.656392
0.548, 0.656705
0.549, 0.657016
0.55, 0.657326
0.551, 0.657634
0.552, 0.65794
0.553, 0.658244
0.554, 0.658546
0.555, 0.658846
0.556, 0.659144
0.557, 0.659441
0.558, 0.659736
0.559, 0.660029
0.56, 0.66032
0.561, 0.660609
0.562, 0.660897
0.563, 0.661183
0.564, 0.661467
0.565, 0.661749
0.566, 0.66203
0.567, 0.662309
0.568, 0.662586
0.569, 0.662862
0.57, 0.663135
0.571, 0.663407
0.572, 0.663678
0.573, 0.663947
0.574, 0.664214
0.575, 0.664479
0.576, 0.664743
0.577, 0.665005
0.578, 0.665266
0.579, 0.665525
0.58, 0.665782
0.581, 0.666038
0.582, 0.666292
0.583, 0.666545
0.584, 0.666796
0.585, 0.667045
0.586, 0.667293
0.587, 0.66754
0.588, 0.667785
0.589, 0.668028
0.59, 0.66827
0.591, 0.66851
0.592, 0.668749
0.593, 0.668987
0.594, 0.669223
0.595, 0.669457
0.596, 0.66969
0.597, 0.669922
0.598, 0.670152
0.599, 0.670381
0.6, 0.670608
0.601, 0.670834
0.602, 0.671058
0.603, 0.671282
0.604, 0.671503
0.605, 0.671724
0.606, 0.671943
0.607, 0.67216
0.608, 0.672377
0.609, 0.672592
0.61, 0.672805
0.611, 0.673017
0.612, 0.673228
0.613, 0.673438
0.614, 0.673646
0.615, 0.673853
0.616, 0.674059
0.617, 0.674264
0.618, 0.674467
0.619, 0.674669
0.62, 0.67487
0.621, 0.675069
0.622, 0.675267
0.623, 0.675464
0.624, 0.67566
0.625, 0.675855
0.626, 0.676048
0.627, 0.67624
0.628, 0.676431
0.629, 0.676621
0.63, 0.676809
0.631, 0.676997
0.632, 0.677183
0.633, 0.677368
0.634, 0.677552
0.635, 0.677734
0.636, 0.677916
0.637, 0.678096
0.638, 0.678276
0.639, 0.678454
0.64, 0.678631
0.641, 0.678807
0.642, 0.678982
0.643, 0.679155
0.644, 0.679328
0.645, 0.679499
0.646, 0.67967
0.647, 0.679839
0.648, 0.680007
0.649, 0.680174
0.65, 0.68034
0.651, 0.680505
0.652, 0.680669
0.653, 0.680832
0.654, 0.680994
0.655, 0.681155
0.656, 0.681315
0.657, 0.681473
0.658, 0.681631
0.659, 0.681788
0.66, 0.681943
0.661, 0.682098
0.662, 0.682252
0.663, 0.682404
0.664, 0.682556
0.665, 0.682707
0.666, 0.682856
0.667, 0.683005
0.668, 0.683153
0.669, 0.683299
0.67, 0.683445
0.671, 0.68359
0.672, 0.683734
0.673, 0.683877
0.674, 0.684019
0.675, 0.68416
0.676, 0.6843
0.677, 0.684439
0.678, 0.684577
0.679, 0.684715
0.68, 0.684851
0.681, 0.684986
0.682, 0.685121
0.683, 0.685255
0.684, 0.685388
0.685, 0.685519
0.686, 0.68565
0.687, 0.685781
0.688, 0.68591
0.689, 0.686038
0.69, 0.686166
0.691, 0.686292
0.692, 0.686418
0.693, 0.686543
0.694, 0.686667
0.695, 0.686791
0.696, 0.686913
0.697, 0.687035
0.698, 0.687156
0.699, 0.687276
0.7, 0.687395
0.701, 0.687513
0.702, 0.687631
0.703, 0.687747
0.704, 0.687863
0.705, 0.687979
0.706, 0.688093
0.707, 0.688207
0.708, 0.688319
0.709, 0.688432
0.71, 0.688543
0.711, 0.688653
0.712, 0.688763
0.713, 0.688872
0.714, 0.688981
0.715, 0.689088
0.716, 0.689195
0.717, 0.689301
0.718, 0.689406
0.719, 0.689511
0.72, 0.689615
0.721, 0.689718
0.722, 0.689821
0.723, 0.689922
0.724, 0.690024
0.725, 0.690124
0.726, 0.690224
0.727, 0.690323
0.728, 0.690421
0.729, 0.690519
0.73, 0.690616
0.731, 0.690712
0.732, 0.690808
0.733, 0.690903
0.734, 0.690997
0.735, 0.691091
0.736, 0.691184
0.737, 0.691277
0.738, 0.691368
0.739, 0.69146
0.74, 0.69155
0.741, 0.69164
0.742, 0.691729
0.743, 0.691818
0.744, 0.691906
0.745, 0.691994
0.746, 0.692081
0.747, 0.692167
0.748, 0.692253
0.749, 0.692338
0.75, 0.692422
0.751, 0.692506
0.752, 0.69259
0.753, 0.692673
0.754, 0.692755
0.755, 0.692837
0.756, 0.692918
0.757, 0.692998
0.758, 0.693078
0.759, 0.693158
0.76, 0.693237
0.761, 0.693315
0.762, 0.693393
0.763, 0.69347
0.764, 0.693547
0.765, 0.693624
0.766, 0.693699
0.767, 0.693775
0.768, 0.693849
0.769, 0.693924
0.77, 0.693997
0.771, 0.694071
0.772, 0.694143
0.773, 0.694216
0.774, 0.694287
0.775, 0.694359
0.776, 0.69443
0.777, 0.6945
0.778, 0.69457
0.779, 0.694639
0.78, 0.694708
0.781, 0.694776
0.782, 0.694844
0.783, 0.694912
0.784, 0.694979
0.785, 0.695046
0.786, 0.695112
0.787, 0.695177
0.788, 0.695243
0.789, 0.695307
0.79, 0.695372
0.791, 0.695436
0.792, 0.695499
0.793, 0.695562
0.794, 0.695625
0.795, 0.695687
0.796, 0.695749
0.797, 0.695811
0.798, 0.695872
0.799, 0.695932
0.8, 0.695992
0.801, 0.696052
0.802, 0.696112
0.803, 0.69617
0.804, 0.696229
0.805, 0.696287
0.806, 0.696345
0.807, 0.696402
0.808, 0.696459
0.809, 0.696516
0.81, 0.696572
0.811, 0.696628
0.812, 0.696684
0.813, 0.696739
0.814, 0.696794
0.815, 0.696848
0.816, 0.696902
0.817, 0.696956
0.818, 0.697009
0.819, 0.697062
0.82, 0.697115
0.821, 0.697167
0.822, 0.697219
0.823, 0.69727
0.824, 0.697321
0.825, 0.697372
0.826, 0.697423
0.827, 0.697473
0.828, 0.697523
0.829, 0.697572
0.83, 0.697621
0.831, 0.69767
0.832, 0.697719
0.833, 0.697767
0.834, 0.697815
0.835, 0.697862
0.836, 0.69791
0.837, 0.697956
0.838, 0.698003
0.839, 0.698049
0.84, 0.698095
0.841, 0.698141
0.842, 0.698186
0.843, 0.698231
0.844, 0.698276
0.845, 0.69832
0.846, 0.698365
0.847, 0.698408
0.848, 0.698452
0.849, 0.698495
0.85, 0.698538
0.851, 0.698581
0.852, 0.698623
0.853, 0.698665
0.854, 0.698707
0.855, 0.698749
0.856, 0.69879
0.857, 0.698831
0.858, 0.698871
0.859, 0.698912
0.86, 0.698952
0.861, 0.698992
0.862, 0.699031
0.863, 0.699071
0.864, 0.69911
0.865, 0.699149
0.866, 0.699187
0.867, 0.699225
0.868, 0.699263
0.869, 0.699301
0.87, 0.699339
0.871, 0.699376
0.872, 0.699413
0.873, 0.69945
0.874, 0.699486
0.875, 0.699522
0.876, 0.699558
0.877, 0.699594
0.878, 0.699629
0.879, 0.699665
0.88, 0.6997
0.881, 0.699734
0.882, 0.699769
0.883, 0.699803
0.884, 0.699837
0.885, 0.699871
0.886, 0.699905
0.887, 0.699938
0.888, 0.699971
0.889, 0.700004
0.89, 0.700037
0.891, 0.700069
0.892, 0.700102
0.893, 0.700134
0.894, 0.700165
0.895, 0.700197
0.896, 0.700228
0.897, 0.700259
0.898, 0.70029
0.899, 0.700321
0.9, 0.700351
0.901, 0.700382
0.902, 0.700412
0.903, 0.700442
0.904, 0.700471
0.905, 0.700501
0.906, 0.70053
0.907, 0.700559
0.908, 0.700588
0.909, 0.700617
0.91, 0.700645
0.911, 0.700673
0.912, 0.700701
0.913, 0.700729
0.914, 0.700757
0.915, 0.700784
0.916, 0.700812
0.917, 0.700839
0.918, 0.700866
0.919, 0.700892
0.92, 0.700919
0.921, 0.700945
0.922, 0.700971
0.923, 0.700997
0.924, 0.701023
0.925, 0.701049
0.926, 0.701074
0.927, 0.701099
0.928, 0.701125
0.929, 0.701149
0.93, 0.701174
0.931, 0.701199
0.932, 0.701223
0.933, 0.701247
0.934, 0.701271
0.935, 0.701295
0.936, 0.701319
0.937, 0.701343
0.938, 0.701366
0.939, 0.701389
0.94, 0.701412
0.941, 0.701435
0.942, 0.701458
0.943, 0.70148
0.944, 0.701503
0.945, 0.701525
0.946, 0.701547
0.947, 0.701569
0.948, 0.701591
0.949, 0.701613
0.95, 0.701634
0.951, 0.701655
0.952, 0.701677
0.953, 0.701698
0.954, 0.701719
0.955, 0.701739
0.956, 0.70176
0.957, 0.70178
0.958, 0.701801
0.959, 0.701821
0.96, 0.701841
0.961, 0.701861
0.962, 0.70188
0.963, 0.7019
0.964, 0.70192
0.965, 0.701939
0.966, 0.701958
0.967, 0.701977
0.968, 0.701996
0.969, 0.702015
0.97, 0.702033
0.971, 0.702052
0.972, 0.70207
0.973, 0.702089
0.974, 0.702107
0.975, 0.702125
0.976, 0.702143
0.977, 0.70216
0.978, 0.702178
0.979, 0.702196
0.98, 0.702213
0.981, 0.70223
0.982, 0.702247
0.983, 0.702264
0.984, 0.702281
0.985, 0.702298
0.986, 0.702315
0.987, 0.702331
0.988, 0.702348
0.989, 0.702364
0.99, 0.70238
0.991, 0.702396
0.992, 0.702412
0.993, 0.702428
0.994, 0.702444
0.995, 0.702459
0.996, 0.702475
0.997, 0.70249
0.998, 0.702506
0.999, 0.702521
1, 0.702536
1.001, 0.702551
1.002, 0.702566
1.003, 0.702581
1.004, 0.702595
1.005, 0.70261
1.006, 0.702624
1.007, 0.702639
1.008, 0.702653
1.009, 0.702667
1.01, 0.702681
1.011, 0.702695
1.012, 0.702709
1.013, 0.702723
1.014, 0.702736
1.015, 0.70275
1.016, 0.702763
1.017, 0.702777
1.018, 0.70279
1.019, 0.702803
1.02, 0.702816
1.021, 0.702829
1.022, 0.702842
1.023, 0.702855
1.024, 0.702868
1.025, 0.70288
1.026, 0.702893
1.027, 0.702905
1.028, 0.702917
1.029, 0.70293
1.03, 0.702942
1.031, 0.702954
1.032, 0.702966
1.033, 0.702978
1.034, 0.70299
1.035, 0.703001
1.036, 0.703013
1.037, 0.703025
1.038, 0.703036
1.039, 0.703048
1.04, 0.703059
1.041, 0.70307
1.042, 0.703081
1.043, 0.703092
1.044, 0.703104
1.045, 0.703114
1.046, 0.703125
1.047, 0.703136
1.048, 0.703147
1.049, 0.703157
1.05, 0.703168
1.051, 0.703178
1.052, 0.703189
1.053, 0.703199
1.054, 0.703209
1.055, 0.70322
1.056, 0.70323
1.057, 0.70324
1.058, 0.70325
1.059, 0.70326
1.06, 0.703269
1.061, 0.703279
1.062, 0.703289
1.063, 0.703298
1.064, 0.703308
1.065, 0.703317
1.066, 0.703327
1.067, 0.703336
1.068, 0.703345
1.069, 0.703354
1.07, 0.703364
1.071, 0.703373
1.072, 0.703382
1.073, 0.703391
1.074, 0.703399
1.075, 0.703408
1.076, 0.703417
1.077, 0.703426
1.078, 0.703434
1.079, 0.703443
1.08, 0.703451
1.081, 0.70346
1.082, 0.703468
1.083, 0.703476
1.084, 0.703485
1.085, 0.703493
1.086, 0.703501
1.087, 0.703509
1.088, 0.703517
1.089, 0.703525
1.09, 0.703533
1.091, 0.703541
1.092, 0.703548
1.093, 0.703556
1.094, 0.703564
1.095, 0.703571
1.096, 0.703579
1.097, 0.703586
1.098, 0.703594
1.099, 0.703601
1.1, 0.703608
1.101, 0.703616
1.102, 0.703623
1.103, 0.70363
1.104, 0.703637
1.105, 0.703644
1.106, 0.703651
1.107, 0.703658
1.108, 0.703665
1.109, 0.703672
1.11, 0.703679
1.111, 0.703685
1.112, 0.703692
1.113, 0.703699
1.114, 0.703705
1.115, 0.703712
1.116, 0.703718
1.117, 0.703725
1.118, 0.703731
1.119, 0.703737
1.12, 0.703744
1.121, 0.70375
1.122, 0.703756
1.123, 0.703762
1.124, 0.703768
1.125, 0.703775
1.126, 0.703781
1.127, 0.703787
1.128, 0.703792
1.129, 0.703798
1.13, 0.703804
1.131, 0.70381
1.132, 0.703816
1.133, 0.703821
1.134, 0.703827
1.135, 0.703833
1.136, 0.703838
1.137, 0.703844
1.138, 0.703849
1.139, 0.703855
1.14, 0.70386
1.141, 0.703866
1.142, 0.703871
1.143, 0.703876
1.144, 0.703881
1.145, 0.703887
1.146, 0.703892
1.147, 0.703897
1.148, 0.703902
1.149, 0.703907
1.15, 0.703912
1.151, 0.703917
1.152, 0.703922
1.153, 0.703927
1.154, 0.703932
1.155, 0.703936
1.156, 0.703941
1.157, 0.703946
1.158, 0.703951
1.159, 0.703955
1.16, 0.70396
1.161, 0.703965
1.162, 0.703969
1.163, 0.703974
1.164, 0.703978
1.165, 0.703983
1.166, 0.703987
1.167, 0.703991
1.168, 0.703996
1.169, 0.704
1.17, 0.704004
1.171, 0.704009
1.172, 0.704013
1.173, 0.704017
1.174, 0.704021
1.175, 0.704025
1.176, 0.704029
1.177, 0.704033
1.178, 0.704037
1.179, 0.704041
1.18, 0.704045
1.181, 0.704049
1.182, 0.704053
1.183, 0.704057
1.184, 0.704061
1.185, 0.704065
1.186, 0.704068
1.187, 0.704072
1.188, 0.704076
1.189, 0.704079
1.19, 0.704083
1.191, 0.704087
1.192, 0.70409
1.193, 0.704094
1.194, 0.704097
1.195, 0.704101
1.196, 0.704104
1.197, 0.704108
1.198, 0.704111
1.199, 0.704115
1.2, 0.704118
1.201, 0.704121
1.202, 0.704125
1.203, 0.704128
1.204, 0.704131
1.205, 0.704134
1.206, 0.704138
1.207, 0.704141
1.208, 0.704144
1.209, 0.704147
1.21, 0.70415
1.211, 0.704153
1.212, 0.704156
1.213, 0.704159
1.214, 0.704162
1.215, 0.704165
1.216, 0.704168
1.217, 0.704171
1.218, 0.704174
1.219, 0.704177
1.22, 0.70418
1.221, 0.704182
1.222, 0.704185
1.223, 0.704188
1.224, 0.704191
1.225, 0.704194
1.226, 0.704196
1.227, 0.704199
1.228, 0.704202
1.229, 0.704204
1.23, 0.704207
1.231, 0.704209
1.232, 0.704212
1.233, 0.704214
1.234, 0.704217
1.235, 0.70422
1.236, 0.704222
1.237, 0.704224
1.238, 0.704227
1.239, 0.704229
1.24, 0.704232
1.241, 0.704234
1.242, 0.704236
1.243, 0.704239
1.244, 0.704241
1.245, 0.704243
1.246, 0.704246
1.247, 0.704248
1.248, 0.70425
1.249, 0.704252
1.25, 0.704255
1.251, 0.704257
1.252, 0.704259
1.253, 0.704261
1.254, 0.704263
1.255, 0.704265
1.256, 0.704267
1.257, 0.704269
1.258, 0.704271
1.259, 0.704273
1.26, 0.704275
1.261, 0.704277
1.262, 0.704279
1.263, 0.704281
1.264, 0.704283
1.265, 0.704285
1.266, 0.704287
1.267, 0.704289
1.268, 0.704291
1.269, 0.704293
1.27, 0.704294
1.271, 0.704296
1.272, 0.704298
1.273, 0.7043
1.274, 0.704302
1.275, 0.704303
1.276, 0.704305
1.277, 0.704307
1.278, 0.704308
1.279, 0.70431
1.28, 0.704312
1.281, 0.704313
1.282, 0.704315
1.283, 0.704317
1.284, 0.704318
1.285, 0.70432
1.286, 0.704321
1.287, 0.704323
1.288, 0.704325
1.289, 0.704326
1.29, 0.704328
1.291, 0.704329
1.292, 0.704331
1.293, 0.704332
1.294, 0.704333
1.295, 0.704335
1.296, 0.704336
1.297, 0.704338
1.298, 0.704339
1.299, 0.70434
1.3, 0.704342
1.301, 0.704343
1.302, 0.704345
1.303, 0.704346
1.304, 0.704347
1.305, 0.704348
1.306, 0.70435
1.307, 0.704351
1.308, 0.704352
1.309, 0.704354
1.31, 0.704355
1.311, 0.704356
1.312, 0.704357
1.313, 0.704358
1.314, 0.70436
1.315, 0.704361
1.316, 0.704362
1.317, 0.704363
1.318, 0.704364
1.319, 0.704365
1.32, 0.704366
1.321, 0.704367
1.322, 0.704369
1.323, 0.70437
1.324, 0.704371
1.325, 0.704372
1.326, 0.704373
1.327, 0.704374
1.328, 0.704375
1.329, 0.704376
1.33, 0.704377
1.331, 0.704378
1.332, 0.704379
1.333, 0.70438
1.334, 0.704381
1.335, 0.704381
1.336, 0.704382
1.337, 0.704383
1.338, 0.704384
1.339, 0.704385
1.34, 0.704386
1.341, 0.704387
1.342, 0.704388
1.343, 0.704389
1.344, 0.704389
1.345, 0.70439
1.346, 0.704391
1.347, 0.704392
1.348, 0.704393
1.349, 0.704393
1.35, 0.704394
1.351, 0.704395
1.352, 0.704396
1.353, 0.704396
1.354, 0.704397
1.355, 0.704398
1.356, 0.704399
1.357, 0.704399
1.358, 0.7044
1.359, 0.704401
1.36, 0.704401
1.361, 0.704402
1.362, 0.704403
1.363, 0.704403
1.364, 0.704404
1.365, 0.704405
1.366, 0.704405
1.367, 0.704406
1.368, 0.704407
1.369, 0.704407
1.37, 0.704408
1.371, 0.704408
1.372, 0.704409
1.373, 0.704409
1.374, 0.70441
1.375, 0.704411
1.376, 0.704411
1.377, 0.704412
1.378, 0.704412
1.379, 0.704413
1.38, 0.704413
1.381, 0.704414
1.382, 0.704414
1.383, 0.704415
1.384, 0.704415
1.385, 0.704416
1.386, 0.704416
1.387, 0.704416
1.388, 0.704417
1.389, 0.704417
1.39, 0.704418
1.391, 0.704418
1.392, 0.704419
1.393, 0.704419
1.394, 0.704419
1.395, 0.70442
1.396, 0.70442
1.397, 0.704421
1.398, 0.704421
1.399, 0.704421
1.4, 0.704422
1.401, 0.704422
1.402, 0.704422
1.403, 0.704423
1.404, 0.704423
1.405, 0.704423
1.406, 0.704424
1.407, 0.704424
1.408, 0.704424
1.409, 0.704425
1.41, 0.704425
1.411, 0.704425
1.412, 0.704425
1.413, 0.704426
1.414, 0.704426
1.415, 0.704426
1.416, 0.704426
1.417, 0.704427
1.418, 0.704427
1.419, 0.704427
1.42, 0.704427
1.421, 0.704428
1.422, 0.704428
1.423, 0.704428
1.424, 0.704428
1.425, 0.704428
1.426, 0.704429
1.427, 0.704429
1.428, 0.704429
1.429, 0.704429
1.43, 0.704429
1.431, 0.70443
1.432, 0.70443
1.433, 0.70443
1.434, 0.70443
1.435, 0.70443
1.436, 0.70443
1.437, 0.70443
1.438, 0.704431
1.439, 0.704431
1.44, 0.704431
1.441, 0.704431
1.442, 0.704431
1.443, 0.704431
1.444, 0.704431
1.445, 0.704431
1.446, 0.704431
1.447, 0.704431
1.448, 0.704431
1.449, 0.704432
1.45, 0.704432
1.451, 0.704432
1.452, 0.704432
1.453, 0.704432
1.454, 0.704432
1.455, 0.704432
1.456, 0.704432
1.457, 0.704432
1.458, 0.704432
1.459, 0.704432
1.46, 0.704432
1.461, 0.704432
1.462, 0.704432
1.463, 0.704432
1.464, 0.704432
1.465, 0.704432
1.466, 0.704432
1.467, 0.704432
1.468, 0.704432
1.469, 0.704432
1.47, 0.704432
1.471, 0.704432
1.472, 0.704432
1.473, 0.704432
1.474, 0.704432
1.475, 0.704432
1.476, 0.704432
1.477, 0.704431
1.478, 0.704431
1.479, 0.704431
1.48, 0.704431
1.481, 0.704431
1.482, 0.704431
1.483, 0.704431
1.484, 0.704431
1.485, 0.704431
1.486, 0.704431
1.487, 0.704431
1.488, 0.704431
1.489, 0.70443
1.49, 0.70443
1.491, 0.70443
1.492, 0.70443
1.493, 0.70443
1.494, 0.70443
1.495, 0.70443
1.496, 0.70443
1.497, 0.704429
1.498, 0.704429
1.499, 0.704429
1.5, 0.704429
1.501, 0.704429
1.502, 0.704429
1.503, 0.704429
1.504, 0.704428
1.505, 0.704428
1.506, 0.704428
1.507, 0.704428
1.508, 0.704428
1.509, 0.704428
1.51, 0.704427
1.511, 0.704427
1.512, 0.704427
1.513, 0.704427
1.514, 0.704427
1.515, 0.704426
1.516, 0.704426
1.517, 0.704426
1.518, 0.704426
1.519, 0.704426
1.52, 0.704425
1.521, 0.704425
1.522, 0.704425
1.523, 0.704425
1.524, 0.704424
1.525, 0.704424
1.526, 0.704424
1.527, 0.704424
1.528, 0.704424
1.529, 0.704423
1.53, 0.704423
1.531, 0.704423
1.532, 0.704423
1.533, 0.704422
1.534, 0.704422
1.535, 0.704422
1.536, 0.704422
1.537, 0.704421
1.538, 0.704421
1.539, 0.704421
1.54, 0.70442
1.541, 0.70442
1.542, 0.70442
1.543, 0.70442
1.544, 0.704419
1.545, 0.704419
1.546, 0.704419
1.547, 0.704419
1.548, 0.704418
1.549, 0.704418
1.55, 0.704418
1.551, 0.704417
1.552, 0.704417
1.553, 0.704417
1.554, 0.704416
1.555, 0.704416
1.556, 0.704416
1.557, 0.704415
1.558, 0.704415
1.559, 0.704415
1.56, 0.704415
1.561, 0.704414
1.562, 0.704414
1.563, 0.704414
1.564, 0.704413
1.565, 0.704413
1.566, 0.704413
1.567, 0.704412
1.568, 0.704412
1.569, 0.704412
1.57, 0.704411
1.571, 0.704411
1.572, 0.704411
1.573, 0.70441
1.574, 0.70441
1.575, 0.704409
1.576, 0.704409
1.577, 0.704409
1.578, 0.704408
1.579, 0.704408
1.58, 0.704408
1.581, 0.704407
1.582, 0.704407
1.583, 0.704407
1.584, 0.704406
1.585, 0.704406
1.586, 0.704405
1.587, 0.704405
1.588, 0.704405
1.589, 0.704404
1.59, 0.704404
1.591, 0.704404
1.592, 0.704403
1.593, 0.704403
1.594, 0.704402
1.595, 0.704402
1.596, 0.704402
1.597, 0.704401
1.598, 0.704401
1.599, 0.7044
1.6, 0.7044
1.601, 0.7044
1.602, 0.704399
1.603, 0.704399
1.604, 0.704398
1.605, 0.704398
1.606, 0.704398
1.607, 0.704397
1.608, 0.704397
1.609, 0.704396
1.61, 0.704396
1.611, 0.704396
1.612, 0.704395
1.613, 0.704395
1.614, 0.704394
1.615, 0.704394
1.616, 0.704393
1.617, 0.704393
1.618, 0.704393
1.619, 0.704392
1.62, 0.704392
1.621, 0.704391
1.622, 0.704391
1.623, 0.70439
1.624, 0.70439
1.625, 0.70439
1.626, 0.704389
1.627, 0.704389
1.628, 0.704388
1.629, 0.704388
1.63, 0.704387
1.631, 0.704387
1.632, 0.704386
1.633, 0.704386
1.634, 0.704386
1.635, 0.704385
1.636, 0.704385
1.637, 0.704384
1.638, 0.704384
1.639, 0.704383
1.64, 0.704383
1.641, 0.704382
1.642, 0.704382
1.643, 0.704381
1.644, 0.704381
1.645, 0.70438
1.646, 0.70438
1.647, 0.70438
1.648, 0.704379
1.649, 0.704379
1.65, 0.704378
1.651, 0.704378
1.652, 0.704377
1.653, 0.704377
1.654, 0.704376
1.655, 0.704376
1.656, 0.704375
1.657, 0.704375
1.658, 0.704374
1.659, 0.704374
1.66, 0.704373
1.661, 0.704373
1.662, 0.704372
1.663, 0.704372
1.664, 0.704371
1.665, 0.704371
1.666, 0.70437
1.667, 0.70437
1.668, 0.704369
1.669, 0.704369
1.67, 0.704368
1.671, 0.704368
1.672, 0.704367
1.673, 0.704367
1.674, 0.704366
1.675, 0.704366
1.676, 0.704365
1.677, 0.704365
1.678, 0.704364
1.679, 0.704364
1.68, 0.704363
1.681, 0.704363
1.682, 0.704362
1.683, 0.704362
1.684, 0.704361
1.685, 0.704361
1.686, 0.70436
1.687, 0.70436
1.688, 0.704359
1.689, 0.704359
1.69, 0.704358
1.691, 0.704358
1.692, 0.704357
1.693, 0.704357
1.694, 0.704356
1.695, 0.704356
1.696, 0.704355
1.697, 0.704355
1.698, 0.704354
1.699, 0.704354
1.7, 0.704353
1.701, 0.704353
1.702, 0.704352
1.703, 0.704352
1.704, 0.704351
1.705, 0.704351
1.706, 0.70435
1.707, 0.704349
1.708, 0.704349
1.709, 0.704348
1.71, 0.704348
1.711, 0.704347
1.712, 0.704347
1.713, 0.704346
1.714, 0.704346
1.715, 0.704345
1.716, 0.704345
1.717, 0.704344
1.718, 0.704344
1.719, 0.704343
1.72, 0.704343
1.721, 0.704342
1.722, 0.704341
1.723, 0.704341
1.724, 0.70434
1.725, 0.70434
1.726, 0.704339
1.727, 0.704339
1.728, 0.704338
1.729, 0.704338
1.73, 0.704337
1.731, 0.704337
1.732, 0.704336
1.733, 0.704335
1.734, 0.704335
1.735, 0.704334
1.736, 0.704334
1.737, 0.704333
1.738, 0.704333
1.739, 0.704332
1.74, 0.704332
1.741, 0.704331
1.742, 0.70433
1.743, 0.70433
1.744, 0.704329
1.745, 0.704329
1.746, 0.704328
1.747, 0.704328
1.748, 0.704327
1.749, 0.704327
1.75, 0.704326
1.751, 0.704325
1.752, 0.704325
1.753, 0.704324
1.754, 0.704324
1.755, 0.704323
1.756, 0.704323
1.757, 0.704322
1.758, 0.704322
1.759, 0.704321
1.76, 0.70432
1.761, 0.70432
1.762, 0.704319
1.763, 0.704319
1.764, 0.704318
1.765, 0.704318
1.766, 0.704317
1.767, 0.704316
1.768, 0.704316
1.769, 0.704315
1.77, 0.704315
1.771, 0.704314
1.772, 0.704314
1.773, 0.704313
1.774, 0.704313
1.775, 0.704312
1.776, 0.704311
1.777, 0.704311
1.778, 0.70431
1.779, 0.70431
1.78, 0.704309
1.781, 0.704309
1.782, 0.704308
1.783, 0.704307
1.784, 0.704307
1.785, 0.704306
1.786, 0.704306
1.787, 0.704305
1.788, 0.704304
1.789, 0.704304
1.79, 0.704303
1.791, 0.704303
1.792, 0.704302
1.793, 0.704302
1.794, 0.704301
1.795, 0.7043
1.796, 0.7043
1.797, 0.704299
1.798, 0.704299
1.799, 0.704298
1.8, 0.704298
1.801, 0.704297
1.802, 0.704296
1.803, 0.704296
1.804, 0.704295
1.805, 0.704295
1.806, 0.704294
1.807, 0.704293
1.808, 0.704293
1.809, 0.704292
1.81, 0.704292
1.811, 0.704291
1.812, 0.704291
1.813, 0.70429
1.814, 0.704289
1.815, 0.704289
1.816, 0.704288
1.817, 0.704288
1.818, 0.704287
1.819, 0.704286
1.82, 0.704286
1.821, 0.704285
1.822, 0.704285
1.823, 0.704284
1.824, 0.704284
1.825, 0.704283
1.826, 0.704282
1.827, 0.704282
1.828, 0.704281
1.829, 0.704281
1.83, 0.70428
1.831, 0.704279
1.832, 0.704279
1.833, 0.704278
1.834, 0.704278
1.835, 0.704277
1.836, 0.704276
1.837, 0.704276
1.838, 0.704275
1.839, 0.704275
1.84, 0.704274
1.841, 0.704273
1.842, 0.704273
1.843, 0.704272
1.844, 0.704272
1.845, 0.704271
1.846, 0.704271
1.847, 0.70427
1.848, 0.704269
1.849, 0.704269
1.85, 0.704268
1.851, 0.704268
1.852, 0.704267
1.853, 0.704266
1.854, 0.704266
1.855, 0.704265
1.856, 0.704265
1.857, 0.704264
1.858, 0.704263
1.859, 0.704263
1.86, 0.704262
1.861, 0.704262
1.862, 0.704261
1.863, 0.70426
1.864, 0.70426
1.865, 0.704259
1.866, 0.704259
1.867, 0.704258
1.868, 0.704257
1.869, 0.704257
1.87, 0.704256
1.871, 0.704256
1.872, 0.704255
1.873, 0.704254
1.874, 0.704254
1.875, 0.704253
1.876, 0.704253
1.877, 0.704252
1.878, 0.704251
1.879, 0.704251
1.88, 0.70425
1.881, 0.70425
1.882, 0.704249
1.883, 0.704248
1.884, 0.704248
1.885, 0.704247
1.886, 0.704247
1.887, 0.704246
1.888, 0.704245
1.889, 0.704245
1.89, 0.704244
1.891, 0.704244
1.892, 0.704243
1.893, 0.704242
1.894, 0.704242
1.895, 0.704241
1.896, 0.704241
1.897, 0.70424
1.898, 0.704239
1.899, 0.704239
1.9, 0.704238
1.901, 0.704238
1.902, 0.704237
1.903, 0.704236
1.904, 0.704236
1.905, 0.704235
1.906, 0.704234
1.907, 0.704234
1.908, 0.704233
1.909, 0.704233
1.91, 0.704232
1.911, 0.704231
1.912, 0.704231
1.913, 0.70423
1.914, 0.70423
1.915, 0.704229
1.916, 0.704228
1.917, 0.704228
1.918, 0.704227
1.919, 0.704227
1.92, 0.704226
1.921, 0.704225
1.922, 0.704225
1.923, 0.704224
1.924, 0.704224
1.925, 0.704223
1.926, 0.704222
1.927, 0.704222
1.928, 0.704221
1.929, 0.704221
1.93, 0.70422
1.931, 0.704219
1.932, 0.704219
1.933, 0.704218
1.934, 0.704218
1.935, 0.704217
1.936, 0.704216
1.937, 0.704216
1.938, 0.704215
1.939, 0.704214
1.94, 0.704214
1.941, 0.704213
1.942, 0.704213
1.943, 0.704212
1.944, 0.704211
1.945, 0.704211
1.946, 0.70421
1.947, 0.70421
1.948, 0.704209
1.949, 0.704208
1.95, 0.704208
1.951, 0.704207
1.952, 0.704207
1.953, 0.704206
1.954, 0.704205
1.955, 0.704205
1.956, 0.704204
1.957, 0.704204
1.958, 0.704203
1.959, 0.704202
1.96, 0.704202
1.961, 0.704201
1.962, 0.7042
1.963, 0.7042
1.964, 0.704199
1.965, 0.704199
1.966, 0.704198
1.967, 0.704197
1.968, 0.704197
1.969, 0.704196
1.97, 0.704196
1.971, 0.704195
1.972, 0.704194
1.973, 0.704194
1.974, 0.704193
1.975, 0.704193
1.976, 0.704192
1.977, 0.704191
1.978, 0.704191
1.979, 0.70419
1.98, 0.704189
1.981, 0.704189
1.982, 0.704188
1.983, 0.704188
1.984, 0.704187
1.985, 0.704186
1.986, 0.704186
1.987, 0.704185
1.988, 0.704185
1.989, 0.704184
1.99, 0.704183
1.991, 0.704183
1.992, 0.704182
1.993, 0.704182
1.994, 0.704181
1.995, 0.70418
1.996, 0.70418
1.997, 0.704179
1.998, 0.704178
1.999, 0.704178
2, 0.704177
2.001, 0.704177
2.002, 0.704176
2.003, 0.704175
2.004, 0.704175
2.005, 0.704174
2.006, 0.704174
2.007, 0.704173
2.008, 0.704172
2.009, 0.704172
2.01, 0.704171
2.011, 0.704171
2.012, 0.70417
2.013, 0.704169
2.014, 0.704169
2.015, 0.704168
2.016, 0.704167
2.017, 0.704167
2.018, 0.704166
2.019, 0.704166
2.02, 0.704165
2.021, 0.704164
2.022, 0.704164
2.023, 0.704163
2.024, 0.704163
2.025, 0.704162
2.026, 0.704161
2.027, 0.704161
2.028, 0.70416
2.029, 0.70416
2.03, 0.704159
2.031, 0.704158
2.032, 0.704158
2.033, 0.704157
2.034, 0.704156
2.035, 0.704156
2.036, 0.704155
2.037, 0.704155
2.038, 0.704154
2.039, 0.704153
2.04, 0.704153
2.041, 0.704152
2.042, 0.704152
2.043, 0.704151
2.044, 0.70415
2.045, 0.70415
2.046, 0.704149
2.047, 0.704149
2.048, 0.704148
2.049, 0.704147
2.05, 0.704147
2.051, 0.704146
2.052, 0.704145
2.053, 0.704145
2.054, 0.704144
2.055, 0.704144
2.056, 0.704143
2.057, 0.704142
2.058, 0.704142
2.059, 0.704141
2.06, 0.704141
2.061, 0.70414
2.062, 0.704139
2.063, 0.704139
2.064, 0.704138
2.065, 0.704138
2.066, 0.704137
2.067, 0.704136
2.068, 0.704136
2.069, 0.704135
2.07, 0.704134
2.071, 0.704134
2.072, 0.704133
2.073, 0.704133
2.074, 0.704132
2.075, 0.704131
2.076, 0.704131
2.077, 0.70413
2.078, 0.70413
2.079, 0.704129
2.08, 0.704128
2.081, 0.704128
2.082, 0.704127
2.083, 0.704127
2.084, 0.704126
2.085, 0.704125
2.086, 0.704125
2.087, 0.704124
2.088, 0.704123
2.089, 0.704123
2.09, 0.704122
2.091, 0.704122
2.092, 0.704121
2.093, 0.70412
2.094, 0.70412
2.095, 0.704119
2.096, 0.704119
2.097, 0.704118
2.098, 0.704117
2.099, 0.704117
2.1, 0.704116
2.101, 0.704116
2.102, 0.704115
2.103, 0.704114
2.104, 0.704114
2.105, 0.704113
2.106, 0.704113
2.107, 0.704112
2.108, 0.704111
2.109, 0.704111
2.11, 0.70411
2.111, 0.704109
2.112, 0.704109
2.113, 0.704108
2.114, 0.704108
2.115, 0.704107
2.116, 0.704106
2.117, 0.704106
2.118, 0.704105
2.119, 0.704105
2.12, 0.704104
2.121, 0.704103
2.122, 0.704103
2.123, 0.704102
2.124, 0.704102
2.125, 0.704101
2.126, 0.7041
2.127, 0.7041
2.128, 0.704099
2.129, 0.704099
2.13, 0.704098
2.131, 0.704097
2.132, 0.704097
2.133, 0.704096
2.134, 0.704095
2.135, 0.704095
2.136, 0.704094
2.137, 0.704094
2.138, 0.704093
2.139, 0.704092
2.14, 0.704092
2.141, 0.704091
2.142, 0.704091
2.143, 0.70409
2.144, 0.704089
2.145, 0.704089
2.146, 0.704088
2.147, 0.704088
2.148, 0.704087
2.149, 0.704086
2.15, 0.704086
2.151, 0.704085
2.152, 0.704085
2.153, 0.704084
2.154, 0.704083
2.155, 0.704083
2.156, 0.704082
2.157, 0.704081
2.158, 0.704081
2.159, 0.70408
2.16, 0.70408
2.161, 0.704079
2.162, 0.704078
2.163, 0.704078
2.164, 0.704077
2.165, 0.704077
2.166, 0.704076
2.167, 0.704075
2.168, 0.704075
2.169, 0.704074
2.17, 0.704074
2.171, 0.704073
2.172, 0.704072
2.173, 0.704072
2.174, 0.704071
2.175, 0.704071
2.176, 0.70407
2.177, 0.704069
2.178, 0.704069
2.179, 0.704068
2.18, 0.704068
2.181, 0.704067
2.182, 0.704066
2.183, 0.704066
2.184, 0.704065
2.185, 0.704064
2.186, 0.704064
2.187, 0.704063
2.188, 0.704063
2.189, 0.704062
2.19, 0.704061
2.191, 0.704061
2.192, 0.70406
2.193, 0.70406
2.194, 0.704059
2.195, 0.704058
2.196, 0.704058
2.197, 0.704057
2.198, 0.704057
2.199, 0.704056
2.2, 0.704055
2.201, 0.704055
2.202, 0.704054
2.203, 0.704054
2.204, 0.704053
2.205, 0.704052
2.206, 0.704052
2.207, 0.704051
2.208, 0.704051
2.209, 0.70405
2.21, 0.704049
2.211, 0.704049
2.212, 0.704048
2.213, 0.704048
2.214, 0.704047
2.215, 0.704046
2.216, 0.704046
2.217, 0.704045
2.218, 0.704045
2.219, 0.704044
2.22, 0.704043
2.221, 0.704043
2.222, 0.704042
2.223, 0.704042
2.224, 0.704041
2.225, 0.70404
2.226, 0.70404
2.227, 0.704039
2.228, 0.704039
2.229, 0.704038
2.23, 0.704037
2.231, 0.704037
2.232, 0.704036
2.233, 0.704035
2.234, 0.704035
2.235, 0.704034
2.236, 0.704034
2.237, 0.704033
2.238, 0.704032
2.239, 0.704032
2.24, 0.704031
2.241, 0.704031
2.242, 0.70403
2.243, 0.704029
2.244, 0.704029
2.245, 0.704028
2.246, 0.704028
2.247, 0.704027
2.248, 0.704026
2.249, 0.704026
2.25, 0.704025
2.251, 0.704025
2.252, 0.704024
2.253, 0.704023
2.254, 0.704023
2.255, 0.704022
2.256, 0.704022
2.257, 0.704021
2.258, 0.70402
2.259, 0.70402
2.26, 0.704019
2.261, 0.704019
2.262, 0.704018
2.263, 0.704017
2.264, 0.704017
2.265, 0.704016
2.266, 0.704016
2.267, 0.704015
2.268, 0.704014
2.269, 0.704014
2.27, 0.704013
2.271, 0.704013
2.272, 0.704012
2.273, 0.704011
2.274, 0.704011
2.275, 0.70401
2.276, 0.70401
2.277, 0.704009
2.278, 0.704008
2.279, 0.704008
2.28, 0.704007
2.281, 0.704007
2.282, 0.704006
2.283, 0.704005
2.284, 0.704005
2.285, 0.704004
2.286, 0.704004
2.287, 0.704003
2.288, 0.704002
2.289, 0.704002
2.29, 0.704001
2.291, 0.704001
2.292, 0.704
2.293, 0.703999
2.294, 0.703999
2.295, 0.703998
2.296, 0.703998
2.297, 0.703997
2.298, 0.703996
2.299, 0.703996
2.3, 0.703995
2.301, 0.703995
2.302, 0.703994
2.303, 0.703993
2.304, 0.703993
2.305, 0.703992
2.306, 0.703992
2.307, 0.703991
2.308, 0.703991
2.309, 0.70399
2.31, 0.703989
2.311, 0.703989
2.312, 0.703988
2.313, 0.703988
2.314, 0.703987
2.315, 0.703986
2.316, 0.703986
2.317, 0.703985
2.318, 0.703985
2.319, 0.703984
2.32, 0.703983
2.321, 0.703983
2.322, 0.703982
2.323, 0.703982
2.324, 0.703981
2.325, 0.70398
2.326, 0.70398
2.327, 0.703979
2.328, 0.703979
2.329, 0.703978
2.33, 0.703977
2.331, 0.703977
2.332, 0.703976
2.333, 0.703976
2.334, 0.703975
2.335, 0.703974
2.336, 0.703974
2.337, 0.703973
2.338, 0.703973
2.339, 0.703972
2.34, 0.703971
2.341, 0.703971
2.342, 0.70397
2.343, 0.70397
2.344, 0.703969
2.345, 0.703968
2.346, 0.703968
2.347, 0.703967
2.348, 0.703967
2.349, 0.703966
2.35, 0.703965
2.351, 0.703965
2.352, 0.703964
2.353, 0.703964
2.354, 0.703963
2.355, 0.703963
2.356, 0.703962
2.357, 0.703961
2.358, 0.703961
2.359, 0.70396
2.36, 0.70396
2.361, 0.703959
2.362, 0.703958
2.363, 0.703958
2.364, 0.703957
2.365, 0.703957
2.366, 0.703956
2.367, 0.703955
2.368, 0.703955
2.369, 0.703954
2.37, 0.703954
2.371, 0.703953
2.372, 0.703952
2.373, 0.703952
2.374, 0.703951
2.375, 0.703951
2.376, 0.70395
2.377, 0.703949
2.378, 0.703949
2.379, 0.703948
2.38, 0.703948
2.381, 0.703947
2.382, 0.703947
2.383, 0.703946
2.384, 0.703945
2.385, 0.703945
2.386, 0.703944
2.387, 0.703944
2.388, 0.703943
2.389, 0.703942
2.39, 0.703942
2.391, 0.703941
2.392, 0.703941
2.393, 0.70394
2.394, 0.703939
2.395, 0.703939
2.396, 0.703938
2.397, 0.703938
2.398, 0.703937
2.399, 0.703936
2.4, 0.703936
2.401, 0.703935
2.402, 0.703935
2.403, 0.703934
2.404, 0.703934
2.405, 0.703933
2.406, 0.703932
2.407, 0.703932
2.408, 0.703931
2.409, 0.703931
2.41, 0.70393
2.411, 0.703929
2.412, 0.703929
2.413, 0.703928
2.414, 0.703928
2.415, 0.703927
2.416, 0.703926
2.417, 0.703926
2.418, 0.703925
2.419, 0.703925
2.42, 0.703924
2.421, 0.703924
2.422, 0.703923
2.423, 0.703922
2.424, 0.703922
2.425, 0.703921
2.426, 0.703921
2.427, 0.70392
2.428, 0.703919
2.429, 0.703919
2.43, 0.703918
2.431, 0.703918
2.432, 0.703917
2.433, 0.703916
2.434, 0.703916
2.435, 0.703915
2.436, 0.703915
2.437, 0.703914
2.438, 0.703914
2.439, 0.703913
2.44, 0.703912
2.441, 0.703912
2.442, 0.703911
2.443, 0.703911
2.444, 0.70391
2.445, 0.703909
2.446, 0.703909
2.447, 0.703908
2.448, 0.703908
2.449, 0.703907
2.45, 0.703907
2.451, 0.703906
2.452, 0.703905
2.453, 0.703905
2.454, 0.703904
2.455, 0.703904
2.456, 0.703903
2.457, 0.703902
2.458, 0.703902
2.459, 0.703901
2.46, 0.703901
2.461, 0.7039
2.462, 0.703899
2.463, 0.703899
2.464, 0.703898
2.465, 0.703898
2.466, 0.703897
2.467, 0.703897
2.468, 0.703896
2.469, 0.703895
2.47, 0.703895
2.471, 0.703894
2.472, 0.703894
2.473, 0.703893
2.474, 0.703892
2.475, 0.703892
2.476, 0.703891
2.477, 0.703891
2.478, 0.70389
2.479, 0.70389
2.48, 0.703889
2.481, 0.703888
2.482, 0.703888
2.483, 0.703887
2.484, 0.703887
2.485, 0.703886
2.486, 0.703885
2.487, 0.703885
2.488, 0.703884
2.489, 0.703884
2.49, 0.703883
2.491, 0.703883
2.492, 0.703882
2.493, 0.703881
2.494, 0.703881
2.495, 0.70388
2.496, 0.70388
2.497, 0.703879
2.498, 0.703879
2.499, 0.703878
2.5, 0.703877
2.501, 0.703877
2.502, 0.703876
2.503, 0.703876
2.504, 0.703875
2.505, 0.703874
2.506, 0.703874
2.507, 0.703873
2.508, 0.703873
2.509, 0.703872
2.51, 0.703872
2.511, 0.703871
2.512, 0.70387
2.513, 0.70387
2.514, 0.703869
2.515, 0.703869
2.516, 0.703868
2.517, 0.703867
2.518, 0.703867
2.519, 0.703866
2.52, 0.703866
2.521, 0.703865
2.522, 0.703865
2.523, 0.703864
2.524, 0.703863
2.525, 0.703863
2.526, 0.703862
2.527, 0.703862
2.528, 0.703861
2.529, 0.703861
2.53, 0.70386
2.531, 0.703859
2.532, 0.703859
2.533, 0.703858
2.534, 0.703858
2.535, 0.703857
2.536, 0.703856
2.537, 0.703856
2.538, 0.703855
2.539, 0.703855
2.54, 0.703854
2.541, 0.703854
2.542, 0.703853
2.543, 0.703852
2.544, 0.703852
2.545, 0.703851
2.546, 0.703851
2.547, 0.70385
2.548, 0.70385
2.549, 0.703849
2.55, 0.703848
2.551, 0.703848
2.552, 0.703847
2.553, 0.703847
2.554, 0.703846
2.555, 0.703845
2.556, 0.703845
2.557, 0.703844
2.558, 0.703844
2.559, 0.703843
2.56, 0.703843
2.561, 0.703842
2.562, 0.703841
2.563, 0.703841
2.564, 0.70384
2.565, 0.70384
2.566, 0.703839
2.567, 0.703839
2.568, 0.703838
2.569, 0.703837
2.57, 0.703837
2.571, 0.703836
2.572, 0.703836
2.573, 0.703835
2.574, 0.703835
2.575, 0.703834
2.576, 0.703833
2.577, 0.703833
2.578, 0.703832
2.579, 0.703832
2.58, 0.703831
2.581, 0.703831
2.582, 0.70383
2.583, 0.703829
2.584, 0.703829
2.585, 0.703828
2.586, 0.703828
2.587, 0.703827
2.588, 0.703826
2.589, 0.703826
2.59, 0.703825
2.591, 0.703825
2.592, 0.703824
2.593, 0.703824
2.594, 0.703823
2.595, 0.703822
2.596, 0.703822
2.597, 0.703821
2.598, 0.703821
2.599, 0.70382
2.6, 0.70382
2.601, 0.703819
2.602, 0.703818
2.603, 0.703818
2.604, 0.703817
2.605, 0.703817
2.606, 0.703816
2.607, 0.703816
2.608, 0.703815
2.609, 0.703814
2.61, 0.703814
2.611, 0.703813
2.612, 0.703813
2.613, 0.703812
2.614, 0.703812
2.615, 0.703811
2.616, 0.70381
2.617, 0.70381
2.618, 0.703809
2.619, 0.703809
2.62, 0.703808
2.621, 0.703808
2.622, 0.703807
2.623, 0.703806
2.624, 0.703806
2.625, 0.703805
2.626, 0.703805
2.627, 0.703804
2.628, 0.703804
2.629, 0.703803
2.63, 0.703802
2.631, 0.703802
2.632, 0.703801
2.633, 0.703801
2.634, 0.7038
2.635, 0.7038
2.636, 0.703799
2.637, 0.703798
2.638, 0.703798
2.639, 0.703797
2.64, 0.703797
2.641, 0.703796
2.642, 0.703796
2.643, 0.703795
2.644, 0.703794
2.645, 0.703794
2.646, 0.703793
2.647, 0.703793
2.648, 0.703792
2.649, 0.703792
2.65, 0.703791
2.651, 0.703791
2.652, 0.70379
2.653, 0.703789
2.654, 0.703789
2.655, 0.703788
2.656, 0.703788
2.657, 0.703787
2.658, 0.703787
2.659, 0.703786
2.66, 0.703785
2.661, 0.703785
2.662, 0.703784
2.663, 0.703784
2.664, 0.703783
2.665, 0.703783
2.666, 0.703782
2.667, 0.703781
2.668, 0.703781
2.669, 0.70378
2.67, 0.70378
2.671, 0.703779
2.672, 0.703779
2.673, 0.703778
2.674, 0.703777
2.675, 0.703777
2.676, 0.703776
2.677, 0.703776
2.678, 0.703775
2.679, 0.703775
2.68, 0.703774
2.681, 0.703773
2.682, 0.703773
2.683, 0.703772
2.684, 0.703772
2.685, 0.703771
2.686, 0.703771
2.687, 0.70377
2.688, 0.70377
2.689, 0.703769
2.69, 0.703768
2.691, 0.703768
2.692, 0.703767
2.693, 0.703767
2.694, 0.703766
2.695, 0.703766
2.696, 0.703765
2.697, 0.703764
2.698, 0.703764
2.699, 0.703763
2.7, 0.703763
2.701, 0.703762
2.702, 0.703762
2.703, 0.703761
2.704, 0.70376
2.705, 0.70376
2.706, 0.703759
2.707, 0.703759
2.708, 0.703758
2.709, 0.703758
2.71, 0.703757
2.711, 0.703757
2.712, 0.703756
2.713, 0.703755
2.714, 0.703755
2.715, 0.703754
2.716, 0.703754
2.717, 0.703753
2.718, 0.703753
2.719, 0.703752
2.72, 0.703751
2.721, 0.703751
2.722, 0.70375
2.723, 0.70375
2.724, 0.703749
2.725, 0.703749
2.726, 0.703748
2.727, 0.703748
2.728, 0.703747
2.729, 0.703746
2.73, 0.703746
2.731, 0.703745
2.732, 0.703745
2.733, 0.703744
2.734, 0.703744
2.735, 0.703743
2.736, 0.703742
